Date,Time,Wind Value(km/h),Temp Value(Â°C)
15-08-2024,15:13:29,0.0,25.6
15-08-2024,15:14:29,0.0,26.0
15-08-2024,15:15:29,0.0,25.3
15-08-2024,15:16:29,0.0,25.4
15-08-2024,15:17:29,1.8,25.4
15-08-2024,15:18:29,0.0,25.8
15-08-2024,15:19:29,0.0,25.7
15-08-2024,15:20:29,0.3,25.5
15-08-2024,15:21:29,0.3,25.7
15-08-2024,15:22:29,0.0,25.6
15-08-2024,15:23:29,0.0,25.5
15-08-2024,15:24:29,0.0,25.5
15-08-2024,15:25:29,0.0,25.7
15-08-2024,15:26:28,0.0,25.4
15-08-2024,15:27:29,0.0,25.9
15-08-2024,15:28:29,0.0,25.7
15-08-2024,15:29:29,0.0,25.7
15-08-2024,15:30:29,0.0,25.6
15-08-2024,15:31:29,0.0,25.5
15-08-2024,15:32:29,0.0,25.8
15-08-2024,15:33:29,0.0,25.8
15-08-2024,15:34:29,0.0,25.9
15-08-2024,15:35:29,0.0,25.9
15-08-2024,15:36:29,0.0,25.4
15-08-2024,15:37:29,0.0,25.7
15-08-2024,15:38:29,1.0,25.5
15-08-2024,15:39:29,0.0,25.6
15-08-2024,15:40:29,0.0,25.5
15-08-2024,15:41:29,0.3,25.6
15-08-2024,15:42:29,0.0,25.8
15-08-2024,15:43:29,0.3,25.5
15-08-2024,15:44:29,0.0,25.8
15-08-2024,15:45:29,0.0,25.9
15-08-2024,15:46:29,0.0,26.0
15-08-2024,15:47:29,0.0,26.0
15-08-2024,15:48:29,2.1,26.1
15-08-2024,15:49:29,0.0,25.7
15-08-2024,15:50:29,0.0,26.2
15-08-2024,15:51:29,0.0,26.0
15-08-2024,15:52:29,0.3,25.5
15-08-2024,15:53:29,0.0,26.2
15-08-2024,15:54:29,0.0,25.9
15-08-2024,15:55:29,0.0,25.8
15-08-2024,15:56:29,0.0,26.2
15-08-2024,15:57:29,0.0,26.1
15-08-2024,15:58:29,0.3,26.1
15-08-2024,15:59:29,0.0,25.9
15-08-2024,16:00:29,1.4,26.7
15-08-2024,16:01:29,0.3,25.9
15-08-2024,16:02:29,0.0,26.4
15-08-2024,16:03:29,0.0,25.6
15-08-2024,16:04:29,0.0,26.7
15-08-2024,16:05:30,0.0,26.1
15-08-2024,16:06:29,0.0,25.9
15-08-2024,16:07:29,0.0,26.4
15-08-2024,16:08:30,0.0,26.4
15-08-2024,16:09:29,0.0,26.0
15-08-2024,16:10:29,0.0,26.0
15-08-2024,16:11:29,0.0,25.9
15-08-2024,16:12:30,0.0,26.1
15-08-2024,16:13:30,0.0,26.1
15-08-2024,16:14:29,0.0,26.5
15-08-2024,16:15:29,0.0,26.1
15-08-2024,16:16:29,0.0,26.2
15-08-2024,16:17:30,0.0,26.1
15-08-2024,16:18:30,0.0,26.4
15-08-2024,16:19:30,0.0,26.4
15-08-2024,16:20:30,0.0,26.4
15-08-2024,16:21:30,0.0,26.1
15-08-2024,16:22:29,0.0,26.4
15-08-2024,16:23:29,0.0,26.3
15-08-2024,16:24:30,0.7,26.4
15-08-2024,16:25:30,0.0,26.4
15-08-2024,16:26:30,0.0,26.4
15-08-2024,16:27:30,0.0,26.2
15-08-2024,16:28:30,1.8,26.1
15-08-2024,16:29:29,0.0,26.4
15-08-2024,16:30:30,0.0,26.4
15-08-2024,16:31:30,0.0,26.3
15-08-2024,16:32:30,0.0,26.2
15-08-2024,16:33:30,0.0,26.4
15-08-2024,16:34:30,0.0,25.9
15-08-2024,16:35:30,0.0,26.4
15-08-2024,16:36:30,0.3,26.3
15-08-2024,16:37:30,2.1,26.3
15-08-2024,16:38:30,1.4,26.1
15-08-2024,16:39:29,0.0,26.1
15-08-2024,16:40:30,0.0,26.1
15-08-2024,16:41:30,0.0,26.4
15-08-2024,16:42:30,0.0,26.0
15-08-2024,16:43:30,0.0,25.9
15-08-2024,16:44:30,0.0,25.8
15-08-2024,16:45:30,0.0,26.2
15-08-2024,16:46:30,0.0,26.0
15-08-2024,16:47:30,0.0,26.1
15-08-2024,16:48:30,0.0,26.2
15-08-2024,16:49:30,0.0,26.0
15-08-2024,16:50:30,0.0,25.5
15-08-2024,16:51:30,0.0,26.1
15-08-2024,16:52:30,0.0,25.9
15-08-2024,16:53:30,0.0,25.5
15-08-2024,16:54:30,0.0,25.9
15-08-2024,16:55:30,0.0,25.8
15-08-2024,16:56:30,0.0,26.0
15-08-2024,16:57:30,0.0,25.5
15-08-2024,16:58:30,0.0,26.1
15-08-2024,16:59:30,0.0,25.3
15-08-2024,17:00:30,0.0,25.4
15-08-2024,17:01:30,0.0,25.4
15-08-2024,17:02:30,0.0,25.6
15-08-2024,17:03:30,0.0,25.9
15-08-2024,17:04:30,0.0,25.6
15-08-2024,17:05:30,0.0,25.4
15-08-2024,17:06:30,0.0,25.5
15-08-2024,17:07:30,0.0,25.4
15-08-2024,17:08:31,0.0,25.4
15-08-2024,17:09:30,0.0,25.6
15-08-2024,17:10:30,0.3,25.5
15-08-2024,17:11:30,0.0,25.4
15-08-2024,17:12:30,0.0,25.1
15-08-2024,17:13:30,0.0,25.6
15-08-2024,17:14:31,0.0,25.8
15-08-2024,17:15:30,0.0,25.4
15-08-2024,17:16:31,0.0,25.4
15-08-2024,17:17:31,0.0,25.3
15-08-2024,17:18:30,0.0,25.2
15-08-2024,17:19:30,0.0,25.5
15-08-2024,17:20:30,0.0,25.4
15-08-2024,17:21:30,0.0,25.5
15-08-2024,17:22:31,0.0,25.5
15-08-2024,17:23:31,0.0,25.6
15-08-2024,17:24:31,0.0,25.7
15-08-2024,17:25:30,0.0,25.4
15-08-2024,17:26:31,0.0,25.6
15-08-2024,17:27:31,0.0,25.4
15-08-2024,17:28:31,0.3,25.1
15-08-2024,17:29:31,0.0,25.6
15-08-2024,17:30:31,0.3,25.4
15-08-2024,17:31:30,0.0,25.1
15-08-2024,17:32:30,0.0,25.4
15-08-2024,17:33:30,0.0,25.1
15-08-2024,17:34:31,0.0,25.2
15-08-2024,17:35:31,0.0,25.3
15-08-2024,17:36:31,0.0,25.1
15-08-2024,17:37:31,0.0,25.4
15-08-2024,17:38:30,0.0,25.2
15-08-2024,17:39:31,0.0,25.1
15-08-2024,17:40:30,0.0,25.1
15-08-2024,17:41:31,0.0,25.1
15-08-2024,17:42:31,0.0,25.2
15-08-2024,17:43:31,0.0,24.9
15-08-2024,17:44:31,0.0,25.2
15-08-2024,17:45:31,0.0,25.0
15-08-2024,17:46:31,0.0,25.0
15-08-2024,17:47:31,0.0,24.9
15-08-2024,17:48:30,0.0,25.4
15-08-2024,17:49:31,0.0,25.0
15-08-2024,17:50:31,0.0,24.9
15-08-2024,17:51:31,0.0,24.7
15-08-2024,17:52:31,0.0,25.1
15-08-2024,17:53:31,0.0,24.9
15-08-2024,17:54:31,0.0,24.8
15-08-2024,17:55:31,0.0,25.0
15-08-2024,17:56:31,0.0,24.9
15-08-2024,17:57:31,0.0,25.2
15-08-2024,17:58:31,0.0,24.8
15-08-2024,17:59:31,0.0,24.9
15-08-2024,18:00:31,0.0,24.8
15-08-2024,18:01:31,0.0,24.9
15-08-2024,18:02:31,0.7,25.2
15-08-2024,18:03:31,0.0,24.9
15-08-2024,18:04:31,0.0,25.0
15-08-2024,18:05:31,0.0,25.0
15-08-2024,18:06:31,0.0,24.8
15-08-2024,18:07:31,0.0,25.0
15-08-2024,18:08:31,0.3,24.4
15-08-2024,18:09:31,0.0,25.0
15-08-2024,18:10:31,0.0,24.9
15-08-2024,18:11:31,0.0,24.9
15-08-2024,18:12:31,0.0,25.0
15-08-2024,18:13:31,0.0,24.9
15-08-2024,18:14:31,0.0,24.6
15-08-2024,18:15:31,0.0,25.0
15-08-2024,18:16:31,0.0,25.1
15-08-2024,18:17:31,0.0,25.0
15-08-2024,18:18:32,0.0,25.2
15-08-2024,18:19:32,0.0,24.9
15-08-2024,18:20:31,0.0,24.9
15-08-2024,18:21:31,0.0,25.2
15-08-2024,18:22:31,0.0,25.0
15-08-2024,18:23:31,0.0,24.8
15-08-2024,18:24:31,0.0,24.6
15-08-2024,18:25:32,0.0,25.0
15-08-2024,18:26:32,0.0,24.8
15-08-2024,18:27:32,0.0,24.8
15-08-2024,18:28:31,0.0,24.8
15-08-2024,18:29:31,0.0,24.7
15-08-2024,18:30:32,0.0,25.0
15-08-2024,18:31:31,0.0,25.0
15-08-2024,18:32:31,0.0,24.8
15-08-2024,18:33:31,0.0,24.8
15-08-2024,18:34:31,0.0,24.9
15-08-2024,18:35:31,0.0,24.6
15-08-2024,18:36:32,0.0,24.9
15-08-2024,18:37:32,0.0,24.7
15-08-2024,18:38:32,0.0,24.6
15-08-2024,18:39:31,0.0,24.8
15-08-2024,18:40:31,0.0,24.7
15-08-2024,18:41:32,0.0,24.8
15-08-2024,18:42:32,0.0,24.7
15-08-2024,18:43:31,0.0,24.6
15-08-2024,18:44:32,0.0,24.7
15-08-2024,18:45:32,0.0,24.6
15-08-2024,18:46:32,0.0,24.6
15-08-2024,18:47:32,0.0,24.7
15-08-2024,18:48:32,0.0,24.6
15-08-2024,18:49:32,0.0,24.7
15-08-2024,18:50:32,0.0,24.7
15-08-2024,18:51:32,0.0,24.6
15-08-2024,18:52:32,0.0,24.6
15-08-2024,18:53:32,0.0,24.6
15-08-2024,18:54:32,0.0,24.6
15-08-2024,18:55:32,0.0,24.6
15-08-2024,18:56:32,0.0,24.6
15-08-2024,18:57:32,0.0,24.7
15-08-2024,18:58:32,0.0,24.6
15-08-2024,18:59:32,0.0,24.6
15-08-2024,19:00:32,0.0,24.6
15-08-2024,19:01:32,0.0,24.6
15-08-2024,19:02:32,0.0,24.4
15-08-2024,19:03:32,0.3,24.6
15-08-2024,19:04:32,0.3,24.6
15-08-2024,19:05:32,0.0,24.5
15-08-2024,19:06:32,0.0,24.6
15-08-2024,19:07:32,0.0,24.6
15-08-2024,19:08:32,0.0,24.5
15-08-2024,19:09:32,0.0,24.7
15-08-2024,19:10:32,0.0,24.4
15-08-2024,19:11:32,0.0,24.4
15-08-2024,19:12:32,0.0,24.7
15-08-2024,19:13:32,0.0,24.6
15-08-2024,19:14:32,0.0,24.6
15-08-2024,19:15:32,0.0,24.6
15-08-2024,19:16:32,0.0,24.6
15-08-2024,19:17:32,0.0,24.6
15-08-2024,19:18:32,0.0,24.5
15-08-2024,19:19:32,0.0,24.5
15-08-2024,19:20:32,0.0,24.6
15-08-2024,19:21:32,0.0,24.6
16-08-2024,11:55:04,0.0,23.8
16-08-2024,11:56:04,0.0,23.8
16-08-2024,11:57:04,0.0,23.7
16-08-2024,11:58:04,0.0,23.6
16-08-2024,11:59:04,0.0,23.6
16-08-2024,12:00:04,0.0,23.3
16-08-2024,12:01:04,0.0,23.2
16-08-2024,12:02:04,0.0,23.1
16-08-2024,12:03:04,0.0,23.1
16-08-2024,12:04:04,0.0,22.9
16-08-2024,12:05:04,0.0,22.9
16-08-2024,12:06:04,0.0,22.8
16-08-2024,12:07:04,0.0,22.8
16-08-2024,12:08:04,0.0,22.8
16-08-2024,12:09:04,1.0,22.9
16-08-2024,12:10:04,0.0,22.8
16-08-2024,12:11:04,0.0,22.8
16-08-2024,12:12:04,0.0,22.7
16-08-2024,12:13:04,0.0,22.7
16-08-2024,12:14:04,0.0,22.6
16-08-2024,12:15:04,0.0,22.7
16-08-2024,12:16:04,0.0,22.6
16-08-2024,12:17:04,0.0,22.6
16-08-2024,12:18:04,0.0,22.6
16-08-2024,12:19:04,0.0,22.5
16-08-2024,12:20:04,0.0,22.5
16-08-2024,12:21:04,0.0,22.4
16-08-2024,12:22:05,0.0,22.4
16-08-2024,12:23:04,0.0,22.3
16-08-2024,12:24:04,0.0,22.3
16-08-2024,12:25:04,0.0,22.3
16-08-2024,12:26:04,0.0,22.3
16-08-2024,12:27:04,0.0,22.4
16-08-2024,12:28:05,0.0,22.3
16-08-2024,12:29:04,0.0,22.4
16-08-2024,12:30:04,4.3,22.5
16-08-2024,12:31:04,0.0,22.5
16-08-2024,12:32:05,0.0,22.6
16-08-2024,12:33:05,0.0,22.5
16-08-2024,12:34:05,0.0,22.6
16-08-2024,12:35:05,0.0,22.6
16-08-2024,12:36:04,0.0,22.6
16-08-2024,12:37:04,0.0,22.7
16-08-2024,12:38:05,0.0,22.7
16-08-2024,12:39:05,0.0,22.9
16-08-2024,12:40:05,0.0,22.9
16-08-2024,12:41:04,0.0,23.0
16-08-2024,12:42:04,0.0,23.1
16-08-2024,12:43:04,0.7,23.1
16-08-2024,12:44:05,0.0,23.1
16-08-2024,12:45:05,0.0,23.2
16-08-2024,12:46:05,0.0,23.3
16-08-2024,12:47:05,0.0,23.5
16-08-2024,12:48:04,0.0,23.6
16-08-2024,12:49:31,0.0,23.5
16-08-2024,12:50:31,0.0,23.6
16-08-2024,12:50:56,0.0,23.5
16-08-2024,12:51:37,0.0,23.5
16-08-2024,12:52:26,0.0,23.4
16-08-2024,12:52:38,0.0,23.4
16-08-2024,12:53:22,0.0,23.3
16-08-2024,16:50:30,0.0,25.1
16-08-2024,16:51:30,0.0,24.9
16-08-2024,16:52:30,0.0,25.3
16-08-2024,16:53:30,0.0,25.2
16-08-2024,16:54:30,0.0,24.9
16-08-2024,16:55:30,0.0,25.2
16-08-2024,16:56:30,0.0,25.4
16-08-2024,16:57:30,0.0,25.3
16-08-2024,16:58:30,0.0,25.1
16-08-2024,16:59:30,0.0,25.8
16-08-2024,17:00:30,0.0,25.6
16-08-2024,17:01:30,0.0,25.1
16-08-2024,17:02:30,0.0,25.4
16-08-2024,17:03:30,0.0,25.4
16-08-2024,17:04:30,0.0,25.3
16-08-2024,17:05:30,0.0,25.6
16-08-2024,17:06:30,0.0,25.2
16-08-2024,17:07:30,0.0,25.5
16-08-2024,17:08:30,0.0,25.7
16-08-2024,17:09:31,0.0,25.3
16-08-2024,17:10:30,0.0,25.6
16-08-2024,17:11:30,0.0,25.2
16-08-2024,17:12:30,0.0,25.6
16-08-2024,17:13:30,0.0,25.2
16-08-2024,17:14:30,0.0,25.3
16-08-2024,17:15:31,0.0,25.5
16-08-2024,17:16:31,0.0,25.4
16-08-2024,17:17:30,0.0,25.6
16-08-2024,17:18:30,0.0,25.6
16-08-2024,17:19:30,0.0,25.7
16-08-2024,17:20:30,0.0,25.3
16-08-2024,17:21:31,0.0,25.8
16-08-2024,17:22:31,0.0,26.2
16-08-2024,17:23:30,0.0,25.7
16-08-2024,17:24:30,0.0,25.8
16-08-2024,17:25:30,0.0,26.0
16-08-2024,17:26:31,0.0,25.9
16-08-2024,17:27:31,0.0,25.7
16-08-2024,17:28:31,0.0,25.7
16-08-2024,17:29:31,0.0,25.9
16-08-2024,17:30:30,0.0,25.5
16-08-2024,17:31:30,0.0,25.9
16-08-2024,17:32:30,0.0,26.0
16-08-2024,17:33:31,0.0,26.0
16-08-2024,17:34:31,0.0,26.1
16-08-2024,17:35:31,0.0,25.7
16-08-2024,17:36:31,0.0,25.9
16-08-2024,17:37:30,0.0,25.8
16-08-2024,17:38:31,0.0,26.0
16-08-2024,17:39:31,0.0,25.6
16-08-2024,17:40:31,0.0,26.2
16-08-2024,17:41:31,0.0,25.7
16-08-2024,17:42:31,0.0,26.0
16-08-2024,17:43:30,0.0,25.9
16-08-2024,17:44:31,0.0,26.2
16-08-2024,17:45:31,0.0,26.1
16-08-2024,17:46:31,0.0,25.9
16-08-2024,17:47:31,0.0,26.2
16-08-2024,17:48:31,0.0,26.1
16-08-2024,17:49:31,0.0,26.1
16-08-2024,17:50:31,0.0,25.9
16-08-2024,17:51:31,0.0,26.1
16-08-2024,17:52:31,0.0,26.0
16-08-2024,17:53:31,0.0,25.9
16-08-2024,17:54:31,0.0,26.0
16-08-2024,17:55:31,0.0,26.1
16-08-2024,17:56:31,0.0,26.2
16-08-2024,17:57:31,0.0,25.9
16-08-2024,17:58:31,0.0,26.0
16-08-2024,17:59:31,0.0,26.5
16-08-2024,18:00:31,0.0,26.4
16-08-2024,18:01:31,0.0,26.3
16-08-2024,18:02:31,0.0,26.4
16-08-2024,18:03:31,0.0,26.0
16-08-2024,18:04:31,0.0,26.6
16-08-2024,18:05:31,0.0,26.5
16-08-2024,18:06:31,0.0,26.6
16-08-2024,18:07:31,0.0,26.6
16-08-2024,18:08:31,0.0,26.3
16-08-2024,18:09:31,0.0,26.4
16-08-2024,18:10:31,0.0,26.5
16-08-2024,18:11:31,0.0,26.5
16-08-2024,18:12:31,0.0,26.4
16-08-2024,18:13:31,0.0,26.2
16-08-2024,18:14:31,0.0,26.4
16-08-2024,18:15:31,0.0,26.2
16-08-2024,18:16:31,0.0,26.0
16-08-2024,18:17:31,0.0,26.4
16-08-2024,18:18:31,0.0,25.9
16-08-2024,18:19:31,0.0,26.8
16-08-2024,18:20:31,0.0,27.2
16-08-2024,18:21:31,0.0,27.5
16-08-2024,18:22:31,0.0,27.7
16-08-2024,18:23:31,0.0,27.2
16-08-2024,18:24:31,0.0,27.3
16-08-2024,18:25:31,0.0,27.0
16-08-2024,18:26:31,0.0,27.3
16-08-2024,18:27:31,0.0,27.0
16-08-2024,18:28:31,0.0,26.8
16-08-2024,18:29:31,0.0,26.7
16-08-2024,18:30:31,0.0,26.2
16-08-2024,18:31:31,0.0,26.6
18-08-2024,12:42:00,0.0,22.9
18-08-2024,12:43:00,0.0,22.8
18-08-2024,12:44:00,0.0,23.4
18-08-2024,12:45:00,0.0,23.5
18-08-2024,12:46:00,0.0,23.5
18-08-2024,12:47:00,0.0,23.5
18-08-2024,12:48:00,0.0,23.6
18-08-2024,12:49:00,0.7,23.7
18-08-2024,12:50:00,0.0,23.8
18-08-2024,12:51:00,0.0,23.7
18-08-2024,12:52:00,0.0,23.6
18-08-2024,12:53:00,0.0,23.4
18-08-2024,12:54:00,0.0,23.6
18-08-2024,12:55:00,0.0,24.0
18-08-2024,12:56:00,0.0,23.7
18-08-2024,12:57:00,0.0,24.0
18-08-2024,12:58:00,0.3,23.7
18-08-2024,12:59:00,0.0,23.8
18-08-2024,13:00:00,0.0,24.2
18-08-2024,13:01:00,0.0,23.9
18-08-2024,13:02:01,0.0,23.8
18-08-2024,13:03:00,0.0,23.6
18-08-2024,13:04:00,0.0,23.6
18-08-2024,13:05:00,0.0,23.7
18-08-2024,13:06:00,0.0,23.8
18-08-2024,13:07:00,0.0,23.7
18-08-2024,13:08:01,0.0,23.6
18-08-2024,13:09:00,0.0,24.1
18-08-2024,13:10:00,0.0,23.6
18-08-2024,13:11:00,1.0,23.8
18-08-2024,13:12:00,0.7,23.9
18-08-2024,13:13:00,0.0,23.8
18-08-2024,13:14:01,0.0,23.6
18-08-2024,13:15:01,0.0,23.7
18-08-2024,13:16:00,0.0,24.0
18-08-2024,13:17:00,0.0,24.0
18-08-2024,13:18:00,0.0,24.0
18-08-2024,13:19:00,0.0,24.0
18-08-2024,13:20:01,0.0,24.2
18-08-2024,13:21:01,0.0,23.8
18-08-2024,13:22:01,0.0,24.1
18-08-2024,13:23:00,0.0,23.8
18-08-2024,13:24:00,0.0,23.9
18-08-2024,13:25:01,0.0,24.1
18-08-2024,13:26:01,0.0,23.8
18-08-2024,13:27:01,0.0,24.4
18-08-2024,13:28:01,0.0,24.4
18-08-2024,13:29:00,0.3,24.3
18-08-2024,13:30:01,0.0,23.5
18-08-2024,13:31:01,0.0,24.4
18-08-2024,13:32:01,0.0,24.1
18-08-2024,13:33:01,0.0,24.1
18-08-2024,13:34:01,0.7,24.4
18-08-2024,13:35:01,0.0,24.3
18-08-2024,13:36:01,0.0,24.2
18-08-2024,13:37:01,0.0,24.6
18-08-2024,13:38:01,0.0,24.2
18-08-2024,13:39:01,0.0,24.1
18-08-2024,13:40:01,0.0,24.0
18-08-2024,13:41:01,0.7,24.2
18-08-2024,13:42:01,0.0,24.2
18-08-2024,13:43:01,0.0,24.3
18-08-2024,13:44:01,0.0,24.2
18-08-2024,13:45:01,0.0,24.0
18-08-2024,13:46:01,0.0,23.9
18-08-2024,13:47:01,0.0,24.3
18-08-2024,13:48:01,0.0,24.0
18-08-2024,13:49:01,0.0,23.8
18-08-2024,13:50:01,0.0,24.0
18-08-2024,13:51:01,0.3,23.9
18-08-2024,13:52:01,0.0,23.7
18-08-2024,13:53:01,0.0,24.2
18-08-2024,13:54:01,0.0,24.4
18-08-2024,13:55:01,0.3,24.4
18-08-2024,13:56:01,1.4,24.5
18-08-2024,13:57:01,0.0,24.5
18-08-2024,13:58:01,1.0,24.5
18-08-2024,13:59:01,0.0,24.8
18-08-2024,14:00:01,0.0,24.8
18-08-2024,14:01:01,0.0,24.9
18-08-2024,14:02:01,0.0,24.6
18-08-2024,14:03:01,0.3,25.0
18-08-2024,14:04:01,0.0,24.7
18-08-2024,14:05:01,0.3,24.8
18-08-2024,14:06:01,1.8,25.1
18-08-2024,14:07:01,0.0,25.1
18-08-2024,14:08:01,0.0,25.0
18-08-2024,14:09:01,0.0,24.6
18-08-2024,14:10:01,0.0,24.9
18-08-2024,14:11:01,0.0,25.0
18-08-2024,14:12:01,0.0,24.9
18-08-2024,14:13:01,0.0,25.0
18-08-2024,14:14:01,0.3,25.0
18-08-2024,14:15:01,0.0,24.8
18-08-2024,14:16:01,0.0,25.1
18-08-2024,14:17:01,0.0,25.0
18-08-2024,14:18:01,0.0,25.3
18-08-2024,14:19:01,0.0,24.8
18-08-2024,14:20:01,0.0,24.9
18-08-2024,14:21:01,0.0,25.1
18-08-2024,14:22:01,0.0,25.6
18-08-2024,14:23:01,0.0,25.3
18-08-2024,14:24:01,0.0,24.9
18-08-2024,14:25:01,0.0,25.3
18-08-2024,14:26:01,2.5,25.3
18-08-2024,14:27:01,0.0,25.5
18-08-2024,14:28:01,2.8,25.7
18-08-2024,14:29:01,0.3,25.3
18-08-2024,14:30:01,0.0,25.8
18-08-2024,14:31:01,0.0,25.3
18-08-2024,14:32:01,0.0,25.4
18-08-2024,14:33:01,0.0,25.9
18-08-2024,14:34:01,0.0,25.3
18-08-2024,14:35:02,0.0,26.1
18-08-2024,14:36:02,0.0,25.9
18-08-2024,14:37:01,0.0,26.1
18-08-2024,14:38:01,0.0,25.9
18-08-2024,14:39:01,0.0,25.4
18-08-2024,14:40:01,0.0,25.9
18-08-2024,14:41:02,0.0,26.0
18-08-2024,14:42:02,0.0,26.3
18-08-2024,14:43:02,1.8,26.2
18-08-2024,14:44:02,0.0,26.2
18-08-2024,14:45:02,0.0,26.3
18-08-2024,14:46:01,0.0,25.9
18-08-2024,14:47:02,0.0,26.2
18-08-2024,14:48:02,0.0,26.3
18-08-2024,14:49:02,0.0,26.2
18-08-2024,14:50:02,0.0,25.9
18-08-2024,14:51:01,0.0,26.0
18-08-2024,14:52:01,0.0,26.0
18-08-2024,14:53:02,0.0,25.9
18-08-2024,14:54:02,0.0,25.9
18-08-2024,14:55:02,1.4,25.9
18-08-2024,14:56:02,0.0,26.0
18-08-2024,14:57:01,0.0,25.8
18-08-2024,14:58:02,0.0,25.9
18-08-2024,14:59:02,0.3,25.6
18-08-2024,15:00:02,0.3,25.4
18-08-2024,15:01:02,0.3,25.7
18-08-2024,15:02:02,0.0,26.1
18-08-2024,15:03:02,0.0,25.8
18-08-2024,15:04:02,0.0,25.6
18-08-2024,15:05:02,0.3,25.8
18-08-2024,15:06:02,0.0,25.5
18-08-2024,15:07:02,0.0,25.7
18-08-2024,15:08:02,0.0,25.9
18-08-2024,15:09:02,0.0,25.6
18-08-2024,15:10:02,0.0,25.2
18-08-2024,15:11:02,0.0,25.8
18-08-2024,15:12:02,0.0,25.8
18-08-2024,15:13:02,0.0,25.3
18-08-2024,15:14:02,0.7,25.8
18-08-2024,15:15:02,0.0,25.7
18-08-2024,15:16:02,0.3,25.6
18-08-2024,15:17:02,0.0,25.7
18-08-2024,15:18:02,0.0,26.0
18-08-2024,15:19:02,0.0,25.6
18-08-2024,15:20:02,0.0,25.6
18-08-2024,15:21:02,0.3,25.4
18-08-2024,15:22:02,0.0,25.6
18-08-2024,15:23:02,0.3,25.4
18-08-2024,15:24:02,0.7,25.4
18-08-2024,15:25:02,0.0,25.5
18-08-2024,15:26:02,0.0,25.6
18-08-2024,15:27:02,0.0,25.5
18-08-2024,15:28:02,0.0,25.5
18-08-2024,15:29:02,0.0,25.6
18-08-2024,15:30:02,0.0,25.3
18-08-2024,15:31:02,0.0,25.0
18-08-2024,15:32:02,0.0,25.4
18-08-2024,15:33:02,0.0,25.5
18-08-2024,15:34:02,0.3,25.6
18-08-2024,15:35:02,0.3,25.1
18-08-2024,15:36:02,1.4,25.5
18-08-2024,15:37:02,0.0,25.3
18-08-2024,15:38:02,1.4,25.2
18-08-2024,15:39:02,0.3,25.3
18-08-2024,15:40:02,0.0,25.2
18-08-2024,15:41:02,0.0,25.8
18-08-2024,15:42:02,0.0,25.2
18-08-2024,15:43:02,0.0,25.2
18-08-2024,15:44:02,1.8,25.0
18-08-2024,15:45:02,0.0,25.6
18-08-2024,15:46:02,0.0,25.3
18-08-2024,15:47:02,0.0,25.3
18-08-2024,15:48:02,0.0,25.3
18-08-2024,15:49:02,0.0,25.4
18-08-2024,15:50:03,0.0,25.1
18-08-2024,15:51:03,0.0,25.5
18-08-2024,15:52:02,1.0,25.2
18-08-2024,15:53:02,1.8,25.4
18-08-2024,15:54:02,0.0,25.5
18-08-2024,15:55:02,0.7,25.6
18-08-2024,15:56:02,0.0,25.1
18-08-2024,15:57:03,0.0,25.2
18-08-2024,15:58:02,0.0,25.4
18-08-2024,15:59:02,0.0,25.5
18-08-2024,16:00:02,0.0,25.4
18-08-2024,16:01:02,0.3,25.6
18-08-2024,16:02:03,0.3,25.4
18-08-2024,16:03:03,0.0,25.6
18-08-2024,16:04:03,1.0,25.2
18-08-2024,16:05:02,0.0,25.5
18-08-2024,16:06:02,0.0,25.5
18-08-2024,16:07:02,0.7,25.3
18-08-2024,16:08:03,1.0,24.9
18-08-2024,16:09:03,0.0,25.3
18-08-2024,16:10:03,0.3,25.4
18-08-2024,16:11:02,0.3,25.0
18-08-2024,16:12:02,0.0,25.4
18-08-2024,16:13:02,0.0,25.1
18-08-2024,16:14:03,0.0,25.1
18-08-2024,16:15:03,0.0,25.2
18-08-2024,16:16:03,0.0,25.5
18-08-2024,16:17:03,0.0,25.3
18-08-2024,16:18:02,1.0,24.9
18-08-2024,16:19:02,0.0,24.8
18-08-2024,16:20:03,0.0,25.2
18-08-2024,16:21:03,0.0,25.1
18-08-2024,16:22:03,0.0,25.4
18-08-2024,16:23:02,0.0,25.3
18-08-2024,16:24:02,0.0,25.2
18-08-2024,16:25:03,0.3,25.5
18-08-2024,16:26:03,0.0,25.5
18-08-2024,16:27:03,0.3,25.5
18-08-2024,16:28:03,0.0,25.1
18-08-2024,16:29:03,0.0,25.2
18-08-2024,16:30:03,0.0,24.7
18-08-2024,16:31:03,0.3,25.2
18-08-2024,16:32:03,0.0,25.0
18-08-2024,16:33:03,0.0,25.3
18-08-2024,16:34:03,0.0,25.1
18-08-2024,16:35:03,0.0,25.3
18-08-2024,16:36:03,1.4,24.6
18-08-2024,16:37:03,1.4,24.9
18-08-2024,16:38:03,0.0,25.1
18-08-2024,16:39:03,0.0,25.2
18-08-2024,16:40:03,0.3,24.9
18-08-2024,16:41:03,0.0,25.2
18-08-2024,16:42:03,0.0,25.1
18-08-2024,16:43:03,0.0,24.9
18-08-2024,16:44:03,0.0,25.0
18-08-2024,16:45:03,0.0,24.8
18-08-2024,16:46:03,0.0,25.2
18-08-2024,16:47:03,0.0,25.3
18-08-2024,16:48:03,0.0,25.0
18-08-2024,16:49:03,1.0,24.9
18-08-2024,16:50:03,0.0,25.2
18-08-2024,16:51:03,0.0,25.1
18-08-2024,16:52:03,0.0,25.1
18-08-2024,16:53:03,0.0,24.9
18-08-2024,16:54:03,1.8,25.3
18-08-2024,16:55:03,1.8,24.9
18-08-2024,16:56:03,0.0,25.2
18-08-2024,16:57:03,0.0,25.2
18-08-2024,16:58:03,0.0,25.0
18-08-2024,16:59:03,0.0,25.0
18-08-2024,17:00:03,0.0,25.1
18-08-2024,17:01:03,0.0,25.0
18-08-2024,17:02:03,0.0,25.0
18-08-2024,17:03:03,0.0,25.1
18-08-2024,17:04:03,0.0,25.2
18-08-2024,17:05:03,0.0,25.3
18-08-2024,17:06:03,0.0,25.3
18-08-2024,17:07:03,0.0,25.0
18-08-2024,17:08:03,0.0,25.1
18-08-2024,17:09:03,0.0,25.0
18-08-2024,17:10:03,0.0,25.0
18-08-2024,17:11:03,0.0,25.3
18-08-2024,17:12:03,0.0,25.2
18-08-2024,17:13:03,0.0,25.3
18-08-2024,17:14:03,0.0,25.0
18-08-2024,17:15:03,0.0,24.8
18-08-2024,17:16:03,0.0,25.4
18-08-2024,17:17:03,0.0,25.2
18-08-2024,17:18:03,0.0,25.2
18-08-2024,17:19:03,0.0,25.5
18-08-2024,17:20:03,0.0,25.4
18-08-2024,17:21:03,0.7,25.3
18-08-2024,17:22:03,0.0,25.3
18-08-2024,17:23:03,0.7,25.6
18-08-2024,17:24:04,0.3,25.2
18-08-2024,17:25:04,0.0,25.8
18-08-2024,17:26:03,0.0,25.4
18-08-2024,17:27:03,0.3,25.5
18-08-2024,17:28:03,0.0,25.2
18-08-2024,17:29:03,0.0,25.4
18-08-2024,17:30:04,0.3,25.2
18-08-2024,17:31:04,0.7,25.4
18-08-2024,17:32:04,0.0,25.5
18-08-2024,17:33:03,0.0,25.4
18-08-2024,17:34:03,0.0,25.3
18-08-2024,17:35:03,0.0,25.9
18-08-2024,17:36:04,0.0,25.5
18-08-2024,17:37:04,0.0,25.6
18-08-2024,17:38:04,0.0,25.7
18-08-2024,17:39:04,0.7,25.4
18-08-2024,17:40:04,0.0,25.7
18-08-2024,17:41:03,0.0,25.4
18-08-2024,17:42:04,0.0,25.2
18-08-2024,17:43:04,0.0,25.2
18-08-2024,17:44:04,0.0,25.1
18-08-2024,17:45:04,0.3,25.8
18-08-2024,17:46:04,0.0,25.0
18-08-2024,17:47:04,0.3,25.5
18-08-2024,17:48:04,0.0,25.2
18-08-2024,17:49:04,0.0,25.3
18-08-2024,17:50:04,1.4,25.1
18-08-2024,17:51:04,0.0,25.4
18-08-2024,17:52:04,0.0,25.6
18-08-2024,17:53:04,0.0,25.5
18-08-2024,17:54:04,0.0,25.3
18-08-2024,17:55:04,0.0,25.4
18-08-2024,17:56:04,1.8,25.8
18-08-2024,17:57:04,0.0,26.3
18-08-2024,17:58:04,0.0,26.5
18-08-2024,17:59:04,0.0,26.7
18-08-2024,18:00:04,0.0,26.2
18-08-2024,18:01:04,0.0,26.7
18-08-2024,18:02:04,0.0,26.2
18-08-2024,18:03:04,0.0,26.5
18-08-2024,18:04:04,0.0,26.2
18-08-2024,18:05:04,0.0,26.7
18-08-2024,18:06:04,0.0,26.6
18-08-2024,18:07:04,0.0,26.9
18-08-2024,18:08:04,0.0,28.3
18-08-2024,18:09:04,0.0,28.2
18-08-2024,18:10:04,0.0,29.2
18-08-2024,18:11:04,1.8,30.0
18-08-2024,18:12:04,0.0,30.1
18-08-2024,18:13:04,0.0,30.0
18-08-2024,18:14:04,0.0,29.6
18-08-2024,18:15:04,0.0,29.5
18-08-2024,18:16:04,1.0,29.1
18-08-2024,18:17:04,0.3,28.7
18-08-2024,18:18:04,0.3,28.3
18-08-2024,18:19:04,0.0,28.3
18-08-2024,18:20:04,0.0,28.9
18-08-2024,18:21:04,0.0,28.5
18-08-2024,18:22:04,0.0,28.5
18-08-2024,18:23:04,0.0,27.6
18-08-2024,18:24:04,0.0,27.3
18-08-2024,18:25:04,0.0,27.1
18-08-2024,18:26:04,0.0,26.4
18-08-2024,18:27:04,0.0,26.0
18-08-2024,18:28:04,0.0,26.6
18-08-2024,18:29:04,0.0,26.3
18-08-2024,18:30:04,0.3,26.3
18-08-2024,18:31:04,0.0,25.8
18-08-2024,18:32:04,1.4,25.9
18-08-2024,18:33:04,0.0,25.7
18-08-2024,18:34:04,0.0,25.9
18-08-2024,18:35:04,0.0,25.9
18-08-2024,18:36:04,0.0,25.4
18-08-2024,18:37:04,0.0,25.1
18-08-2024,18:38:05,0.0,25.1
18-08-2024,18:39:05,0.0,25.4
18-08-2024,18:40:05,0.0,25.2
18-08-2024,18:41:04,0.0,25.4
18-08-2024,18:42:04,0.0,25.1
18-08-2024,18:43:04,0.0,24.9
18-08-2024,18:44:05,0.0,25.1
18-08-2024,18:45:05,0.0,24.9
18-08-2024,18:46:05,0.0,25.0
18-08-2024,18:47:04,0.0,24.7
18-08-2024,18:48:04,0.0,24.2
18-08-2024,18:49:04,0.0,24.8
18-08-2024,18:50:05,0.0,24.8
18-08-2024,18:51:05,0.0,24.6
18-08-2024,18:52:05,0.0,24.8
18-08-2024,18:53:04,0.0,24.8
18-08-2024,18:54:04,0.0,24.3
18-08-2024,18:55:05,0.0,24.8
18-08-2024,18:56:05,0.0,24.5
18-08-2024,18:57:05,0.0,24.6
18-08-2024,18:58:05,0.3,24.3
18-08-2024,18:59:05,0.0,24.5
18-08-2024,19:00:05,0.0,24.7
18-08-2024,19:01:05,0.0,24.2
18-08-2024,19:02:05,0.0,24.2
18-08-2024,19:03:05,0.0,24.2
18-08-2024,19:04:05,0.7,24.4
18-08-2024,19:05:05,0.0,24.4
18-08-2024,19:06:05,0.3,24.4
18-08-2024,19:07:05,0.0,24.2
18-08-2024,19:08:05,0.0,24.3
18-08-2024,19:09:05,0.0,24.0
18-08-2024,19:10:05,0.0,23.9
18-08-2024,19:11:05,0.0,23.9
18-08-2024,19:12:05,0.0,24.1
18-08-2024,19:13:05,0.0,24.0
18-08-2024,19:14:05,0.0,24.1
18-08-2024,19:15:05,0.0,23.6
18-08-2024,19:16:05,0.3,23.9
18-08-2024,19:17:04,0.0,24.1
18-08-2024,19:18:05,0.0,23.8
18-08-2024,19:19:05,0.0,23.8
18-08-2024,19:20:05,0.0,23.6
18-08-2024,19:21:05,0.3,23.7
18-08-2024,19:22:05,0.0,23.8
18-08-2024,19:23:05,0.3,23.5
18-08-2024,19:24:05,0.0,23.8
18-08-2024,19:25:05,0.3,23.6
18-08-2024,19:26:05,0.0,23.6
18-08-2024,19:27:05,0.0,23.9
18-08-2024,19:28:05,0.0,23.9
18-08-2024,19:29:05,0.0,23.7
18-08-2024,19:30:05,0.3,23.7
18-08-2024,19:31:05,0.0,23.7
18-08-2024,19:32:05,0.0,23.7
18-08-2024,19:33:05,0.0,23.5
18-08-2024,19:34:05,0.0,23.6
18-08-2024,19:35:05,0.0,23.5
18-08-2024,19:36:05,0.0,23.5
18-08-2024,19:37:05,0.0,23.5
18-08-2024,19:38:05,0.3,23.6
18-08-2024,19:39:05,0.3,23.3
18-08-2024,19:40:05,0.0,23.4
18-08-2024,19:41:05,0.0,23.6
18-08-2024,19:42:05,0.0,23.5
18-08-2024,19:43:05,0.0,23.4
18-08-2024,19:44:05,0.3,23.3
18-08-2024,19:45:05,0.0,23.4
18-08-2024,19:46:05,0.0,22.4
18-08-2024,19:47:05,1.8,23.5
18-08-2024,19:48:05,0.0,22.9
18-08-2024,19:49:05,0.0,22.5
18-08-2024,19:50:05,0.0,22.5
18-08-2024,19:51:05,0.0,23.1
18-08-2024,19:52:05,0.0,22.9
18-08-2024,19:53:05,0.0,22.8
18-08-2024,19:54:05,0.0,23.0
18-08-2024,19:55:05,0.0,22.9
18-08-2024,19:56:05,0.0,22.9
18-08-2024,19:57:06,0.3,22.6
18-08-2024,19:58:05,0.0,22.5
18-08-2024,19:59:05,0.0,22.8
18-08-2024,20:00:05,0.0,22.6
18-08-2024,20:01:05,1.4,22.7
18-08-2024,20:02:06,0.0,22.9
18-08-2024,20:03:05,0.0,22.7
18-08-2024,20:04:05,0.0,22.2
18-08-2024,20:05:05,0.0,22.2
18-08-2024,20:06:05,0.3,22.4
18-08-2024,20:07:05,0.0,22.2
18-08-2024,20:08:06,0.0,22.4
18-08-2024,20:09:06,0.0,22.5
18-08-2024,20:10:05,0.0,22.3
18-08-2024,20:11:05,0.0,22.1
18-08-2024,20:12:05,0.0,22.1
18-08-2024,20:13:05,0.0,22.2
18-08-2024,20:14:06,0.0,22.4
18-08-2024,20:15:05,0.0,22.1
18-08-2024,20:16:06,0.0,22.0
18-08-2024,20:17:05,0.0,22.0
18-08-2024,20:18:05,0.0,22.2
19-08-2024,10:10:02,0.0,21.5
19-08-2024,10:11:02,0.0,21.4
19-08-2024,10:12:02,0.0,21.4
19-08-2024,10:13:02,0.0,21.3
19-08-2024,10:14:02,0.3,21.2
19-08-2024,10:15:02,0.0,21.2
19-08-2024,10:16:02,0.0,21.2
19-08-2024,10:17:02,0.0,21.2
19-08-2024,10:18:02,0.0,21.2
19-08-2024,10:19:02,0.0,21.2
19-08-2024,10:20:02,0.0,21.2
19-08-2024,10:21:02,0.0,21.2
19-08-2024,10:22:03,0.0,21.2
19-08-2024,10:23:02,0.0,21.2
19-08-2024,10:24:02,0.0,21.1
19-08-2024,10:25:02,0.0,21.1
19-08-2024,10:26:02,0.0,21.1
19-08-2024,10:27:03,0.0,21.1
19-08-2024,10:28:03,0.0,21.0
19-08-2024,10:29:02,0.0,21.0
19-08-2024,10:30:02,0.0,21.1
19-08-2024,10:31:02,0.0,21.0
19-08-2024,10:32:03,0.0,21.0
19-08-2024,10:33:03,0.0,21.0
19-08-2024,10:34:03,0.0,20.9
19-08-2024,10:35:02,0.0,20.9
19-08-2024,10:36:02,0.0,20.8
19-08-2024,10:37:03,0.0,20.9
19-08-2024,10:38:03,0.0,20.9
19-08-2024,10:39:03,0.0,20.9
19-08-2024,10:40:03,0.0,20.9
19-08-2024,10:41:02,0.0,21.0
19-08-2024,10:42:03,0.0,21.1
19-08-2024,10:43:03,0.0,21.1
19-08-2024,10:44:03,0.0,21.2
19-08-2024,10:45:03,0.0,21.2
19-08-2024,10:46:03,0.0,21.2
19-08-2024,10:47:03,0.3,21.2
19-08-2024,10:48:03,0.0,21.3
19-08-2024,10:49:03,0.0,21.3
19-08-2024,10:50:03,0.7,21.4
19-08-2024,10:51:03,0.0,21.4
19-08-2024,10:52:03,0.0,21.4
19-08-2024,10:53:03,0.0,21.4
19-08-2024,10:54:03,0.0,21.4
19-08-2024,10:55:03,0.7,21.5
19-08-2024,10:56:03,0.0,21.5
19-08-2024,10:57:03,0.3,21.5
19-08-2024,10:58:03,0.3,21.6
19-08-2024,10:59:03,0.0,21.6
19-08-2024,11:00:03,0.0,21.6
19-08-2024,11:01:03,0.0,21.6
19-08-2024,11:02:03,0.0,21.7
19-08-2024,11:03:03,0.0,21.7
19-08-2024,11:04:03,0.0,21.7
19-08-2024,11:05:03,0.0,21.7
19-08-2024,11:06:03,0.0,21.8
19-08-2024,11:07:03,0.0,21.8
19-08-2024,11:08:03,0.0,21.9
19-08-2024,11:09:03,0.0,21.9
19-08-2024,11:10:03,1.4,21.9
19-08-2024,11:11:03,0.0,21.9
19-08-2024,11:12:03,0.0,21.9
19-08-2024,11:13:03,0.0,21.9
19-08-2024,11:14:03,0.0,22.0
19-08-2024,11:15:03,0.0,22.0
19-08-2024,11:16:03,0.0,22.0
19-08-2024,11:17:03,0.0,22.1
19-08-2024,11:18:03,0.0,22.1
19-08-2024,11:19:03,0.0,22.1
19-08-2024,11:20:03,0.0,22.1
19-08-2024,11:21:03,0.0,22.1
19-08-2024,11:22:03,0.0,22.2
19-08-2024,11:23:03,0.0,22.2
19-08-2024,11:24:04,0.0,22.2
19-08-2024,11:25:03,0.0,22.2
19-08-2024,11:26:03,0.0,22.2
19-08-2024,11:27:03,0.0,22.2
19-08-2024,11:28:03,0.0,22.2
19-08-2024,11:29:04,0.0,22.2
19-08-2024,11:30:03,0.0,22.2
19-08-2024,11:31:03,0.0,22.2
19-08-2024,11:32:03,0.0,22.2
19-08-2024,11:33:03,0.0,22.2
19-08-2024,11:34:03,0.0,22.3
19-08-2024,11:35:04,0.0,22.3
19-08-2024,11:36:04,0.0,22.3
19-08-2024,11:37:03,0.0,22.4
19-08-2024,11:38:03,0.0,22.4
19-08-2024,11:39:03,1.8,22.4
19-08-2024,11:40:04,0.0,22.4
19-08-2024,11:41:04,0.0,22.4
19-08-2024,11:42:04,0.0,22.4
19-08-2024,11:43:04,0.0,22.4
19-08-2024,11:44:03,0.0,22.4
19-08-2024,11:45:04,0.0,22.4
19-08-2024,11:46:04,0.0,22.4
19-08-2024,11:47:04,0.0,22.4
19-08-2024,11:48:04,0.0,22.5
19-08-2024,11:49:04,0.0,22.5
19-08-2024,11:50:03,0.0,22.6
19-08-2024,11:51:03,0.3,22.6
19-08-2024,11:52:04,0.0,22.6
19-08-2024,11:53:04,0.3,22.6
19-08-2024,11:54:04,0.0,22.6
19-08-2024,11:55:04,0.0,22.5
19-08-2024,11:56:04,0.0,22.5
19-08-2024,11:57:04,0.0,22.5
19-08-2024,11:58:04,0.0,22.5
19-08-2024,11:59:04,0.7,22.5
19-08-2024,12:00:04,0.3,22.4
19-08-2024,12:01:04,0.0,22.4
19-08-2024,12:02:04,0.3,22.4
19-08-2024,12:03:04,0.3,22.4
19-08-2024,12:04:04,0.0,22.5
19-08-2024,12:05:04,0.0,22.5
19-08-2024,12:06:04,0.0,22.6
19-08-2024,12:07:04,0.0,22.6
19-08-2024,12:08:04,0.0,22.7
19-08-2024,12:09:04,0.7,22.7
19-08-2024,12:10:04,0.0,22.7
19-08-2024,12:11:04,0.0,22.7
19-08-2024,12:12:04,1.0,22.8
19-08-2024,12:13:04,0.0,22.8
19-08-2024,12:14:04,0.0,22.8
19-08-2024,12:15:04,0.0,22.8
19-08-2024,12:16:04,0.0,22.8
19-08-2024,12:17:04,0.0,22.8
19-08-2024,12:18:04,0.0,22.8
19-08-2024,12:19:04,0.0,22.8
19-08-2024,12:20:04,0.3,22.9
19-08-2024,12:21:04,0.0,23.0
19-08-2024,12:22:04,0.0,23.0
19-08-2024,12:23:04,0.0,23.0
19-08-2024,12:24:04,0.0,23.1
19-08-2024,12:25:04,0.0,23.1
19-08-2024,12:26:04,0.0,23.2
19-08-2024,12:27:04,0.0,23.1
19-08-2024,12:28:04,0.0,23.2
19-08-2024,12:29:04,0.0,23.3
19-08-2024,12:30:04,0.7,23.3
19-08-2024,12:31:04,0.0,23.3
19-08-2024,12:32:04,0.0,23.5
19-08-2024,12:33:04,0.0,23.4
19-08-2024,12:34:04,0.0,23.5
19-08-2024,12:35:05,0.0,23.6
19-08-2024,12:36:05,0.0,23.5
19-08-2024,12:37:04,0.0,23.6
19-08-2024,12:38:04,0.0,23.5
19-08-2024,12:39:04,0.3,23.5
19-08-2024,12:40:04,0.0,23.5
19-08-2024,12:41:05,0.0,23.5
19-08-2024,12:42:05,0.0,23.5
19-08-2024,12:43:05,0.0,23.5
19-08-2024,12:44:04,0.0,23.6
19-08-2024,12:45:04,0.0,23.5
19-08-2024,12:46:05,0.0,23.5
19-08-2024,12:47:05,0.3,23.5
19-08-2024,12:48:05,0.0,23.5
19-08-2024,12:49:05,0.0,23.5
19-08-2024,12:50:04,0.3,23.5
19-08-2024,12:51:04,0.0,23.6
19-08-2024,12:52:05,0.0,23.6
19-08-2024,12:53:05,0.0,23.6
19-08-2024,12:54:05,0.0,23.6
19-08-2024,12:55:05,0.0,23.6
19-08-2024,12:56:04,0.0,23.6
19-08-2024,12:57:05,0.0,23.6
19-08-2024,12:58:05,0.0,23.6
19-08-2024,12:59:05,0.0,23.6
19-08-2024,13:00:05,0.0,23.6
19-08-2024,13:01:05,0.0,23.6
19-08-2024,13:02:05,0.0,23.6
19-08-2024,13:03:05,0.0,23.6
19-08-2024,13:04:05,0.0,23.6
19-08-2024,13:05:05,0.0,23.7
19-08-2024,13:06:05,0.0,23.7
19-08-2024,13:07:05,0.3,23.7
19-08-2024,13:08:05,0.0,23.7
19-08-2024,13:09:05,0.0,23.7
19-08-2024,13:10:05,0.0,23.6
19-08-2024,13:11:05,0.0,23.7
19-08-2024,13:12:05,0.0,23.7
19-08-2024,13:13:05,0.0,23.6
19-08-2024,13:14:05,0.0,23.6
19-08-2024,13:15:05,0.0,23.6
19-08-2024,13:16:05,0.0,23.7
19-08-2024,13:17:05,1.4,23.6
19-08-2024,13:18:05,0.0,23.6
19-08-2024,13:19:05,0.0,23.6
19-08-2024,13:20:05,0.0,23.6
19-08-2024,13:21:05,0.0,23.6
19-08-2024,13:22:05,0.0,23.6
19-08-2024,13:23:05,0.0,23.6
19-08-2024,13:24:05,0.0,23.6
19-08-2024,13:25:05,0.0,23.6
19-08-2024,13:26:05,0.0,23.6
19-08-2024,13:27:05,0.0,23.7
19-08-2024,13:28:05,0.0,23.8
19-08-2024,13:29:05,0.0,23.9
19-08-2024,13:30:05,0.0,24.0
19-08-2024,13:31:05,0.0,24.1
19-08-2024,13:32:05,0.0,24.2
19-08-2024,13:33:05,1.8,24.2
19-08-2024,13:34:05,0.0,24.2
19-08-2024,13:35:05,0.0,24.1
19-08-2024,13:36:05,0.0,24.0
19-08-2024,13:37:05,0.0,24.0
19-08-2024,13:38:05,0.3,24.0
19-08-2024,13:39:05,0.0,23.9
19-08-2024,13:40:05,1.0,24.0
19-08-2024,13:41:06,1.4,23.9
19-08-2024,13:42:06,0.0,23.9
19-08-2024,13:43:05,0.0,23.9
19-08-2024,13:44:05,0.0,23.9
19-08-2024,13:45:05,0.0,23.9
19-08-2024,13:46:06,0.7,23.9
19-08-2024,13:47:06,0.0,23.9
19-08-2024,13:48:06,0.0,23.9
19-08-2024,13:49:05,1.4,23.9
19-08-2024,13:50:05,0.3,23.9
19-08-2024,13:51:05,0.0,23.8
19-08-2024,13:52:06,0.0,23.8
19-08-2024,13:53:06,0.0,23.8
19-08-2024,13:54:06,0.0,23.9
19-08-2024,13:55:05,0.0,23.9
19-08-2024,13:56:05,0.0,23.9
19-08-2024,13:57:06,0.0,24.1
19-08-2024,13:58:06,0.0,24.3
19-08-2024,13:59:06,0.0,24.5
19-08-2024,14:00:06,0.0,24.6
19-08-2024,14:01:06,0.0,24.7
19-08-2024,14:02:05,0.0,24.8
19-08-2024,14:03:06,0.0,24.9
19-08-2024,14:04:06,0.0,25.0
19-08-2024,14:05:06,0.3,25.0
19-08-2024,14:06:06,0.0,25.0
19-08-2024,14:07:06,0.0,25.0
19-08-2024,14:08:06,0.0,24.9
19-08-2024,14:09:06,0.0,24.8
19-08-2024,14:10:06,0.0,24.9
19-08-2024,14:11:06,0.0,24.7
19-08-2024,14:12:06,0.0,24.7
19-08-2024,14:13:06,0.3,24.7
19-08-2024,14:14:06,0.0,24.7
19-08-2024,14:15:06,0.0,24.8
19-08-2024,14:16:06,0.0,24.7
19-08-2024,14:17:06,0.0,24.8
19-08-2024,14:18:06,0.0,24.7
19-08-2024,14:19:06,0.3,24.8
19-08-2024,14:20:06,0.0,24.7
19-08-2024,14:21:06,1.0,24.7
19-08-2024,14:22:06,0.0,24.8
19-08-2024,14:23:06,0.0,24.6
19-08-2024,14:24:06,0.0,24.7
19-08-2024,14:25:06,0.0,24.7
19-08-2024,14:26:06,1.8,24.7
19-08-2024,14:27:06,0.3,24.6
19-08-2024,14:28:06,0.0,24.7
19-08-2024,14:29:06,0.0,24.7
19-08-2024,14:30:06,0.0,24.6
19-08-2024,14:31:06,0.0,24.6
19-08-2024,14:32:06,0.3,24.6
19-08-2024,14:33:06,0.0,24.6
19-08-2024,14:34:06,0.0,24.7
19-08-2024,14:35:06,0.0,24.6
19-08-2024,14:36:06,0.0,24.6
19-08-2024,14:37:06,0.0,24.6
19-08-2024,14:38:06,1.4,24.6
19-08-2024,14:39:06,0.0,24.6
19-08-2024,14:40:06,1.4,24.6
19-08-2024,14:41:06,0.3,24.5
19-08-2024,14:42:07,1.4,24.4
19-08-2024,14:43:06,1.0,24.4
19-08-2024,14:44:06,0.0,24.3
19-08-2024,14:45:06,0.0,24.3
19-08-2024,14:46:06,0.0,24.3
19-08-2024,14:47:07,0.0,24.3
19-08-2024,14:48:07,0.0,24.3
19-08-2024,14:49:06,0.3,24.3
19-08-2024,14:50:06,0.0,24.3
19-08-2024,14:51:06,0.0,24.3
19-08-2024,14:52:07,0.3,24.4
19-08-2024,14:53:07,0.0,24.3
19-08-2024,14:54:07,0.0,24.3
19-08-2024,14:55:06,0.0,24.3
19-08-2024,14:56:06,0.0,24.3
19-08-2024,14:57:06,0.0,24.4
19-08-2024,14:58:07,0.0,24.3
19-08-2024,14:59:07,0.0,24.3
19-08-2024,15:00:07,0.3,24.2
19-08-2024,15:01:07,0.0,24.2
19-08-2024,15:02:06,0.0,24.1
19-08-2024,15:03:06,0.0,24.0
19-08-2024,15:04:07,0.0,23.9
19-08-2024,15:05:07,0.0,23.9
19-08-2024,15:06:07,0.0,23.8
19-08-2024,15:07:07,0.0,23.8
19-08-2024,15:08:07,0.0,23.7
19-08-2024,15:09:07,0.0,23.7
19-08-2024,15:10:07,0.0,23.6
19-08-2024,15:11:07,1.0,23.6
19-08-2024,15:12:07,0.0,23.6
19-08-2024,15:13:07,1.0,23.6
19-08-2024,15:14:07,0.0,23.6
19-08-2024,15:15:07,0.0,23.6
19-08-2024,15:16:07,0.0,23.5
19-08-2024,15:17:07,0.0,23.5
19-08-2024,15:18:07,0.0,23.4
19-08-2024,15:19:07,0.0,23.3
19-08-2024,15:20:07,0.0,23.3
19-08-2024,15:21:07,0.0,23.3
19-08-2024,15:22:07,0.0,23.2
19-08-2024,15:23:07,1.8,23.1
19-08-2024,15:24:07,0.0,23.2
19-08-2024,15:25:07,0.0,23.1
19-08-2024,15:26:07,0.0,23.1
19-08-2024,15:27:07,0.0,23.2
19-08-2024,15:28:07,0.0,23.2
19-08-2024,15:29:07,0.3,23.3
19-08-2024,15:30:07,0.3,23.3
19-08-2024,15:31:07,0.0,23.4
19-08-2024,15:32:07,0.0,23.4
19-08-2024,15:33:07,0.0,23.4
19-08-2024,15:34:07,0.0,23.4
19-08-2024,15:35:07,0.0,23.4
19-08-2024,15:36:07,0.0,23.4
19-08-2024,15:37:07,0.0,23.3
19-08-2024,15:38:07,0.0,23.3
19-08-2024,15:39:07,0.0,23.4
19-08-2024,15:40:07,0.0,23.3
19-08-2024,15:41:07,0.0,23.3
19-08-2024,15:42:07,0.0,23.3
19-08-2024,15:43:07,0.0,23.3
19-08-2024,15:44:07,0.0,23.2
19-08-2024,15:45:07,0.0,23.2
19-08-2024,15:46:07,0.0,23.1
19-08-2024,15:47:07,0.0,23.1
19-08-2024,15:48:07,0.3,23.0
19-08-2024,15:49:07,0.0,23.0
19-08-2024,15:50:07,0.0,23.0
19-08-2024,15:51:07,0.0,22.9
19-08-2024,15:52:07,0.0,22.8
19-08-2024,15:53:08,0.0,22.9
19-08-2024,15:54:07,0.0,22.8
19-08-2024,15:55:07,0.3,22.9
19-08-2024,15:56:07,0.0,22.8
19-08-2024,15:57:07,0.0,22.8
19-08-2024,15:58:08,0.0,22.8
19-08-2024,15:59:08,0.0,22.7
19-08-2024,16:00:25,0.0,22.8
19-08-2024,16:01:24,0.0,22.8
19-08-2024,16:02:24,0.0,22.7
19-08-2024,16:03:25,0.0,22.6
19-08-2024,16:03:37,0.0,22.7
19-08-2024,16:04:55,0.0,22.7
19-08-2024,16:05:18,0.0,22.6
19-08-2024,16:06:02,0.0,22.5
19-08-2024,16:07:02,0.0,22.5
19-08-2024,16:08:02,0.0,22.6
19-08-2024,16:09:02,0.0,22.6
19-08-2024,16:10:02,0.0,22.6
19-08-2024,16:11:02,0.7,22.5
19-08-2024,16:12:02,0.0,22.5
19-08-2024,16:13:02,0.0,22.5
19-08-2024,16:14:02,0.0,22.4
19-08-2024,16:15:02,0.0,22.4
19-08-2024,16:16:02,0.3,22.4
19-08-2024,16:17:02,0.0,22.4
19-08-2024,16:18:02,0.0,22.3
19-08-2024,16:19:02,0.0,22.3
19-08-2024,16:20:02,0.0,22.3
19-08-2024,16:21:02,0.0,22.3
19-08-2024,16:22:02,0.0,22.3
19-08-2024,16:23:02,0.0,22.3
19-08-2024,16:24:03,0.3,22.2
19-08-2024,16:25:03,1.4,22.2
19-08-2024,16:26:02,0.0,22.2
19-08-2024,16:27:02,0.0,22.2
19-08-2024,16:28:02,0.0,22.2
19-08-2024,16:29:03,0.0,22.2
19-08-2024,16:30:03,0.0,22.2
19-08-2024,16:31:03,0.0,22.2
19-08-2024,16:32:02,0.0,22.3
19-08-2024,16:33:02,0.0,22.3
19-08-2024,16:34:02,0.0,22.4
19-08-2024,16:35:03,0.0,22.4
19-08-2024,16:36:03,0.0,22.4
19-08-2024,16:37:03,0.0,22.4
19-08-2024,16:38:03,0.0,22.3
19-08-2024,16:39:02,0.0,22.4
19-08-2024,16:40:03,0.0,22.4
19-08-2024,16:41:03,0.3,22.4
19-08-2024,16:42:03,0.0,22.4
19-08-2024,16:43:03,0.0,22.4
19-08-2024,16:44:03,0.0,22.4
19-08-2024,16:45:03,0.0,22.4
19-08-2024,16:46:03,0.0,22.4
19-08-2024,16:47:03,0.0,22.3
19-08-2024,16:48:03,0.0,22.4
19-08-2024,16:49:03,0.0,22.4
19-08-2024,16:50:03,0.0,22.3
19-08-2024,16:51:03,0.0,22.3
19-08-2024,16:52:03,0.0,22.4
19-08-2024,16:53:03,0.3,22.3
19-08-2024,16:54:03,0.0,22.3
19-08-2024,16:55:03,0.0,22.3
19-08-2024,16:56:03,0.0,22.3
19-08-2024,16:57:03,0.0,22.3
19-08-2024,16:58:03,0.0,22.4
19-08-2024,16:59:03,0.0,22.4
19-08-2024,17:00:03,0.0,22.5
19-08-2024,17:01:03,0.0,22.5
19-08-2024,17:02:03,0.0,22.6
19-08-2024,17:03:03,0.0,22.6
19-08-2024,17:04:03,0.0,22.5
19-08-2024,17:05:03,0.0,22.6
19-08-2024,17:06:03,0.0,22.5
19-08-2024,17:07:03,0.0,22.6
19-08-2024,17:08:03,0.0,22.5
19-08-2024,17:09:03,0.0,22.4
19-08-2024,17:10:03,0.0,22.4
19-08-2024,17:11:03,0.3,22.4
19-08-2024,17:12:03,0.0,22.4
19-08-2024,17:13:03,0.0,22.4
19-08-2024,17:14:03,0.0,22.4
19-08-2024,17:15:03,0.0,22.4
19-08-2024,17:16:03,0.0,22.4
19-08-2024,17:17:03,0.0,22.3
19-08-2024,17:18:03,0.0,22.4
19-08-2024,17:19:03,0.0,22.4
19-08-2024,17:20:03,0.0,22.4
19-08-2024,17:21:03,0.0,22.4
19-08-2024,17:22:03,0.0,22.4
19-08-2024,17:23:03,0.0,22.4
19-08-2024,17:24:04,0.0,22.4
19-08-2024,17:25:03,0.0,22.4
19-08-2024,17:26:03,0.0,22.4
19-08-2024,17:27:03,0.0,22.4
19-08-2024,17:28:03,0.0,22.4
19-08-2024,17:29:03,0.0,22.4
19-08-2024,17:30:03,0.0,22.5
19-08-2024,17:31:03,0.0,22.5
19-08-2024,17:32:03,0.0,22.5
19-08-2024,17:33:03,0.0,22.4
19-08-2024,17:34:03,0.0,22.5
19-08-2024,17:35:04,0.0,22.5
19-08-2024,17:36:04,0.0,22.5
19-08-2024,17:37:03,0.0,22.4
19-08-2024,17:38:03,0.0,22.4
19-08-2024,17:39:03,0.0,22.4
19-08-2024,17:40:03,0.0,22.4
19-08-2024,17:41:04,0.0,22.4
19-08-2024,17:42:04,0.0,22.4
19-08-2024,17:43:04,0.0,22.4
19-08-2024,17:44:03,0.0,22.4
19-08-2024,17:45:03,0.0,22.4
19-08-2024,17:46:04,0.0,22.4
19-08-2024,17:47:04,0.0,22.3
19-08-2024,17:48:04,0.0,22.3
19-08-2024,17:49:03,0.0,22.4
19-08-2024,17:50:03,0.0,22.3
19-08-2024,17:51:04,0.0,22.3
19-08-2024,17:52:04,0.0,22.3
19-08-2024,17:53:04,0.0,22.2
19-08-2024,17:54:04,0.0,22.2
19-08-2024,17:55:04,0.0,22.2
19-08-2024,17:56:03,0.0,22.2
19-08-2024,17:57:04,0.0,22.2
19-08-2024,17:58:04,0.0,22.2
19-08-2024,17:59:04,0.0,22.2
19-08-2024,18:00:04,0.0,22.1
19-08-2024,18:01:04,0.0,22.1
19-08-2024,18:02:03,0.0,22.1
19-08-2024,18:03:04,0.0,22.1
19-08-2024,18:04:04,0.0,22.0
19-08-2024,18:05:04,0.0,22.0
19-08-2024,18:06:04,0.0,22.0
19-08-2024,18:07:04,0.0,22.0
19-08-2024,18:08:04,0.0,22.0
19-08-2024,18:09:04,0.0,22.1
19-08-2024,18:10:04,0.0,22.2
19-08-2024,18:11:04,0.0,22.4
19-08-2024,18:12:04,0.0,22.6
19-08-2024,18:13:04,0.0,22.9
19-08-2024,18:14:04,0.0,23.2
19-08-2024,18:15:04,0.0,23.3
19-08-2024,18:16:04,0.3,23.4
19-08-2024,18:17:04,0.0,23.6
19-08-2024,18:18:04,0.7,23.8
19-08-2024,18:19:04,0.0,24.3
19-08-2024,18:20:04,0.3,24.8
19-08-2024,18:21:04,0.0,25.1
19-08-2024,18:22:04,0.0,25.1
19-08-2024,18:23:04,0.0,25.0
19-08-2024,18:24:04,0.0,25.0
19-08-2024,18:25:04,1.0,24.8
19-08-2024,18:26:04,0.0,24.6
19-08-2024,18:27:04,0.0,24.6
19-08-2024,18:28:04,0.0,24.5
19-08-2024,18:29:04,0.0,24.4
19-08-2024,18:30:04,0.0,24.4
19-08-2024,18:31:04,0.7,24.2
19-08-2024,18:32:04,0.3,24.2
19-08-2024,18:33:04,0.0,24.0
19-08-2024,18:34:04,0.0,23.9
19-08-2024,18:35:04,0.0,23.9
19-08-2024,18:36:04,0.0,23.8
19-08-2024,18:37:04,0.0,23.8
19-08-2024,18:38:04,0.0,23.8
19-08-2024,18:39:04,0.0,23.6
19-08-2024,18:40:05,0.0,23.6
19-08-2024,18:41:04,0.0,23.6
19-08-2024,18:42:04,0.0,23.5
19-08-2024,18:43:04,0.3,23.5
19-08-2024,18:44:04,1.8,23.5
19-08-2024,18:45:04,0.0,23.4
19-08-2024,18:46:05,0.3,23.4
19-08-2024,18:47:05,0.3,23.3
19-08-2024,18:48:04,0.0,23.3
19-08-2024,18:49:04,0.0,23.3
19-08-2024,18:50:04,0.7,23.2
19-08-2024,18:51:05,0.0,23.2
19-08-2024,18:52:05,0.0,23.1
19-08-2024,18:53:05,0.0,23.1
19-08-2024,18:54:04,0.0,23.0
19-08-2024,18:55:04,0.0,23.0
19-08-2024,18:56:05,0.0,22.9
19-08-2024,18:57:05,0.0,22.9
19-08-2024,18:58:05,0.3,22.8
19-08-2024,18:59:05,0.0,22.9
19-08-2024,19:00:05,0.0,22.8
19-08-2024,19:01:04,0.0,22.8
19-08-2024,19:02:05,0.0,22.7
19-08-2024,19:03:05,0.0,22.7
19-08-2024,19:04:05,0.0,22.6
19-08-2024,19:05:05,0.0,22.6
19-08-2024,19:06:05,0.7,22.5
19-08-2024,19:07:04,0.0,22.5
19-08-2024,19:08:05,0.0,22.4
19-08-2024,19:09:05,0.0,22.4
19-08-2024,19:10:05,0.0,22.3
19-08-2024,19:11:05,0.0,22.3
19-08-2024,19:12:05,0.0,22.3
19-08-2024,19:13:05,0.3,22.2
19-08-2024,19:14:05,0.0,22.2
19-08-2024,19:15:05,0.3,22.2
19-08-2024,19:16:05,0.0,22.2
19-08-2024,19:17:05,0.0,22.1
19-08-2024,19:18:05,0.0,22.1
19-08-2024,19:19:05,0.0,22.1
19-08-2024,19:20:05,0.3,21.9
19-08-2024,19:21:05,1.0,21.9
19-08-2024,19:22:05,0.0,21.9
19-08-2024,19:23:05,0.7,21.8
19-08-2024,19:24:05,0.0,21.8
19-08-2024,19:25:05,0.0,21.7
19-08-2024,19:26:05,0.3,21.7
19-08-2024,19:27:05,0.0,21.7
19-08-2024,19:28:05,0.0,21.7
19-08-2024,19:29:05,0.0,21.7
19-08-2024,19:30:05,1.0,21.7
19-08-2024,19:31:05,0.3,21.6
19-08-2024,19:32:05,0.0,21.6
19-08-2024,19:33:05,0.3,21.6
19-08-2024,19:34:05,0.0,21.5
19-08-2024,19:35:05,0.0,21.5
19-08-2024,19:36:05,0.0,21.4
19-08-2024,19:37:05,0.0,21.4
19-08-2024,19:38:05,0.0,21.4
19-08-2024,19:39:05,0.0,21.4
19-08-2024,19:40:05,0.0,21.4
19-08-2024,19:41:05,0.0,21.4
19-08-2024,19:42:05,0.0,21.3
19-08-2024,19:43:05,0.7,21.3
19-08-2024,19:44:05,0.0,21.3
19-08-2024,19:45:05,0.0,21.3
19-08-2024,19:46:05,1.8,21.2
19-08-2024,19:47:05,2.1,21.2
19-08-2024,19:48:05,0.0,21.2
19-08-2024,19:49:05,0.7,21.0
19-08-2024,19:50:05,0.0,21.0
19-08-2024,19:51:05,0.0,20.9
19-08-2024,19:52:05,0.3,20.9
19-08-2024,19:53:05,1.0,20.9
19-08-2024,19:54:05,1.8,21.0
19-08-2024,19:55:06,0.0,20.9
19-08-2024,19:56:05,0.0,20.8
19-08-2024,19:57:05,0.3,20.8
19-08-2024,19:58:05,0.0,20.8
19-08-2024,19:59:05,0.0,20.8
19-08-2024,20:00:06,1.0,20.8
19-08-2024,20:01:06,0.3,20.8
19-08-2024,20:02:05,0.3,20.7
19-08-2024,20:03:05,0.7,20.7
19-08-2024,20:04:05,0.0,20.6
19-08-2024,20:05:06,0.0,20.6
19-08-2024,20:06:06,0.3,20.6
19-08-2024,20:07:06,0.0,20.6
19-08-2024,20:08:05,0.3,20.5
19-08-2024,20:09:05,0.0,20.5
19-08-2024,20:10:06,0.0,20.5
19-08-2024,20:11:06,0.0,20.5
20-08-2024,10:34:00,1.8,22.6
20-08-2024,10:35:00,0.0,22.8
20-08-2024,10:36:00,1.0,22.9
20-08-2024,10:37:00,1.4,22.9
20-08-2024,10:38:00,0.0,22.9
20-08-2024,10:39:00,0.7,22.9
20-08-2024,10:40:00,0.0,22.9
20-08-2024,10:41:01,0.0,22.9
20-08-2024,10:42:00,0.0,22.8
20-08-2024,10:43:00,1.0,22.8
20-08-2024,10:44:00,2.1,22.8
20-08-2024,10:45:00,0.0,22.8
20-08-2024,10:46:00,1.8,22.7
20-08-2024,10:47:01,0.0,22.7
20-08-2024,10:48:01,0.0,22.7
20-08-2024,10:49:00,0.0,22.6
20-08-2024,10:50:00,1.4,22.6
20-08-2024,10:51:00,0.3,22.6
20-08-2024,10:52:01,0.0,22.5
20-08-2024,10:53:01,1.4,22.4
20-08-2024,10:54:01,0.0,22.4
20-08-2024,10:55:01,0.3,22.3
20-08-2024,10:56:00,0.3,22.3
20-08-2024,10:57:00,0.0,22.3
20-08-2024,10:58:01,0.3,22.2
20-08-2024,10:59:01,0.0,22.2
20-08-2024,11:00:01,0.0,22.2
20-08-2024,11:01:01,0.3,22.2
20-08-2024,11:02:00,0.3,22.2
20-08-2024,11:03:01,0.0,22.2
20-08-2024,11:04:01,0.3,22.3
20-08-2024,11:05:01,0.0,22.4
20-08-2024,11:06:01,0.0,22.4
20-08-2024,11:07:01,0.0,22.4
20-08-2024,11:08:01,1.0,22.5
20-08-2024,11:09:01,0.7,22.6
20-08-2024,11:10:01,0.0,22.7
20-08-2024,11:11:01,0.0,22.8
20-08-2024,11:12:01,0.0,22.9
20-08-2024,11:13:01,0.0,22.9
20-08-2024,11:14:01,0.0,23.0
20-08-2024,11:15:01,2.5,22.9
20-08-2024,11:16:01,0.0,23.0
20-08-2024,11:17:01,0.0,23.0
20-08-2024,11:18:01,0.0,22.9
20-08-2024,11:19:01,0.0,22.9
20-08-2024,11:20:01,0.3,22.8
20-08-2024,11:21:01,1.0,22.8
20-08-2024,11:22:01,0.3,22.8
20-08-2024,11:23:01,1.8,22.8
20-08-2024,11:24:01,0.0,22.9
20-08-2024,11:25:01,0.0,22.9
20-08-2024,11:26:01,0.0,23.0
20-08-2024,11:27:01,0.0,23.0
20-08-2024,11:28:01,0.0,23.1
20-08-2024,11:29:01,0.7,23.2
20-08-2024,11:30:01,0.0,23.2
20-08-2024,11:31:01,1.8,23.3
20-08-2024,11:32:01,1.8,23.5
20-08-2024,11:33:01,0.0,23.5
20-08-2024,11:34:01,0.0,23.5
20-08-2024,11:35:01,0.0,23.6
20-08-2024,11:36:01,0.0,23.6
20-08-2024,11:37:01,0.0,23.6
20-08-2024,11:38:01,0.0,23.7
20-08-2024,11:39:01,1.8,23.7
20-08-2024,11:40:01,0.7,23.7
20-08-2024,11:41:01,0.0,23.6
20-08-2024,11:42:02,0.0,23.6
20-08-2024,11:43:01,0.0,23.6
20-08-2024,11:44:01,0.0,23.7
20-08-2024,11:45:01,0.0,23.6
20-08-2024,11:46:01,0.3,23.6
20-08-2024,11:47:02,0.0,23.6
20-08-2024,11:48:02,0.0,23.5
20-08-2024,11:49:02,0.0,23.5
20-08-2024,11:50:01,0.3,23.5
20-08-2024,11:51:01,0.0,23.5
20-08-2024,11:52:01,0.3,23.5
20-08-2024,11:53:02,0.3,23.6
20-08-2024,11:54:02,0.0,23.6
20-08-2024,11:55:01,0.0,23.6
20-08-2024,11:56:01,0.0,23.6
20-08-2024,11:57:01,0.0,23.6
20-08-2024,11:58:02,0.0,23.7
20-08-2024,11:59:02,0.3,23.7
20-08-2024,12:00:02,2.1,23.7
20-08-2024,12:01:01,0.3,23.7
20-08-2024,12:02:01,0.0,23.6
20-08-2024,12:03:01,0.0,23.7
20-08-2024,12:04:02,1.0,23.7
20-08-2024,12:05:02,0.0,23.7
20-08-2024,12:06:02,0.3,23.7
20-08-2024,12:07:02,0.0,23.8
20-08-2024,12:08:01,0.0,23.8
20-08-2024,12:09:02,0.7,23.7
20-08-2024,12:10:02,0.3,23.7
20-08-2024,12:11:02,1.0,23.7
20-08-2024,12:12:02,0.0,23.8
20-08-2024,12:13:02,0.0,23.7
20-08-2024,12:14:01,0.0,23.7
20-08-2024,12:15:02,0.0,23.7
20-08-2024,12:16:02,1.0,23.8
20-08-2024,12:17:02,0.0,23.8
20-08-2024,12:18:02,0.0,23.7
20-08-2024,12:19:02,0.0,23.7
20-08-2024,12:20:02,0.3,23.7
20-08-2024,12:21:02,0.3,23.6
20-08-2024,12:22:02,0.0,23.6
20-08-2024,12:23:02,1.8,23.6
20-08-2024,12:24:02,0.0,23.6
20-08-2024,12:25:02,0.0,23.6
20-08-2024,12:26:02,0.0,23.6
20-08-2024,12:27:02,0.7,23.6
20-08-2024,12:28:02,0.0,23.6
20-08-2024,12:29:02,0.0,23.6
20-08-2024,12:30:02,1.8,23.6
20-08-2024,12:31:02,1.8,23.6
20-08-2024,12:32:02,1.8,23.6
20-08-2024,12:33:02,0.0,23.6
20-08-2024,12:34:02,1.8,23.6
20-08-2024,12:35:02,0.0,23.6
20-08-2024,12:36:02,0.0,23.6
20-08-2024,12:37:02,0.7,23.6
20-08-2024,12:38:02,0.0,23.6
20-08-2024,12:39:02,2.1,23.6
20-08-2024,12:40:02,1.8,23.5
20-08-2024,12:41:02,0.0,23.5
20-08-2024,12:42:02,1.8,23.5
20-08-2024,12:43:02,0.3,23.5
20-08-2024,12:44:02,0.0,23.4
20-08-2024,12:45:02,2.8,23.4
20-08-2024,12:46:02,0.3,23.4
20-08-2024,12:47:02,0.0,23.5
20-08-2024,12:48:02,0.0,23.6
20-08-2024,12:49:02,0.3,23.6
20-08-2024,12:50:02,0.0,23.6
20-08-2024,12:51:02,1.0,23.7
20-08-2024,12:52:02,0.0,23.8
20-08-2024,12:53:02,0.0,23.9
20-08-2024,12:54:02,2.1,24.0
20-08-2024,12:55:02,0.0,24.2
20-08-2024,12:56:02,0.0,24.2
20-08-2024,12:57:02,0.0,24.2
20-08-2024,12:58:02,0.0,24.2
20-08-2024,12:59:02,1.8,24.2
20-08-2024,13:00:02,0.0,24.1
20-08-2024,13:01:02,1.0,24.0
20-08-2024,13:02:02,2.8,23.9
20-08-2024,13:03:02,0.0,23.8
21-08-2024,10:38:01,0.7,20.7
21-08-2024,10:39:00,0.7,20.7
21-08-2024,10:40:00,0.0,20.5
21-08-2024,10:41:00,0.0,20.5
21-08-2024,10:42:01,0.0,20.5
21-08-2024,10:43:01,0.0,20.5
21-08-2024,10:44:00,1.0,20.4
21-08-2024,10:45:00,0.3,20.3
21-08-2024,10:46:00,1.8,20.3
21-08-2024,10:47:01,1.8,20.3
21-08-2024,10:48:01,2.5,20.3
21-08-2024,10:49:01,1.0,20.3
21-08-2024,10:50:00,0.0,20.3
21-08-2024,10:51:00,1.4,20.3
21-08-2024,10:52:01,0.3,20.3
21-08-2024,10:53:01,0.0,20.2
21-08-2024,10:54:01,1.0,20.2
21-08-2024,10:55:01,1.8,20.2
21-08-2024,10:56:01,1.0,20.3
21-08-2024,10:57:01,0.7,20.2
21-08-2024,10:58:01,1.8,20.2
21-08-2024,10:59:01,0.3,20.3
21-08-2024,11:00:01,0.3,20.1
21-08-2024,11:01:01,2.5,20.1
21-08-2024,11:02:01,1.8,20.0
21-08-2024,11:03:01,0.3,20.0
21-08-2024,11:04:01,1.0,19.9
21-08-2024,11:05:01,1.8,19.9
21-08-2024,11:06:01,0.7,20.0
21-08-2024,11:07:01,0.0,19.9
21-08-2024,11:08:01,0.0,19.9
21-08-2024,11:09:01,0.3,19.9
21-08-2024,11:10:01,1.0,19.9
21-08-2024,11:11:01,1.0,20.0
21-08-2024,11:12:01,0.0,20.0
21-08-2024,11:13:01,3.2,20.0
21-08-2024,11:14:01,0.0,20.0
21-08-2024,11:15:01,1.8,20.0
21-08-2024,11:16:01,1.8,20.0
21-08-2024,11:17:01,0.3,20.1
21-08-2024,11:18:01,1.0,20.0
21-08-2024,11:19:01,0.0,20.0
21-08-2024,11:20:01,0.0,20.0
21-08-2024,11:21:01,1.0,19.9
21-08-2024,11:22:01,0.3,20.0
21-08-2024,11:23:01,1.0,20.0
21-08-2024,11:24:01,1.8,20.0
21-08-2024,11:25:01,1.8,20.1
21-08-2024,11:26:01,0.7,20.1
21-08-2024,11:27:01,1.4,20.2
21-08-2024,11:28:01,1.8,20.2
21-08-2024,11:29:01,0.0,20.2
21-08-2024,11:30:01,0.3,20.2
21-08-2024,11:31:01,0.0,20.2
21-08-2024,11:32:01,0.3,20.2
21-08-2024,11:33:01,0.0,20.2
21-08-2024,11:34:01,0.3,20.3
21-08-2024,11:35:01,0.3,20.3
21-08-2024,11:36:01,0.3,20.3
21-08-2024,11:37:01,0.0,20.3
21-08-2024,11:38:02,0.0,20.4
21-08-2024,11:39:01,0.0,20.5
21-08-2024,11:40:01,0.0,20.5
21-08-2024,11:41:01,0.0,20.5
21-08-2024,11:42:01,1.4,20.5
21-08-2024,11:43:02,0.0,20.6
21-08-2024,11:44:01,0.0,20.7
21-08-2024,11:45:01,1.0,20.6
21-08-2024,11:46:01,0.0,20.6
21-08-2024,11:47:01,1.4,20.6
21-08-2024,11:48:02,0.3,20.7
21-08-2024,11:49:02,1.0,20.6
21-08-2024,11:50:01,0.7,20.7
21-08-2024,11:51:01,0.0,20.8
21-08-2024,11:52:01,0.0,20.8
21-08-2024,11:53:02,0.0,20.8
21-08-2024,11:54:02,0.7,20.9
21-08-2024,11:55:02,1.0,20.9
21-08-2024,11:56:01,0.7,20.9
21-08-2024,11:57:01,1.8,21.0
21-08-2024,11:58:02,2.1,21.1
21-08-2024,11:59:02,0.7,21.1
21-08-2024,12:00:02,0.3,21.2
21-08-2024,12:01:02,0.3,21.2
21-08-2024,12:02:01,0.0,21.2
21-08-2024,12:03:02,0.3,21.1
21-08-2024,12:04:02,0.0,21.1
21-08-2024,12:05:02,0.3,21.1
21-08-2024,12:06:02,0.3,21.2
21-08-2024,12:07:02,0.0,21.2
21-08-2024,12:08:02,0.0,21.3
21-08-2024,12:09:02,0.0,21.4
21-08-2024,12:10:02,0.0,21.4
21-08-2024,12:11:02,0.0,21.4
21-08-2024,12:12:02,1.8,21.4
21-08-2024,12:13:02,0.3,21.3
21-08-2024,12:14:02,0.0,21.3
21-08-2024,12:15:02,0.0,21.3
21-08-2024,12:16:02,0.0,21.3
21-08-2024,12:17:02,0.0,21.4
21-08-2024,12:18:02,0.0,21.4
21-08-2024,12:19:02,0.0,21.3
21-08-2024,12:20:02,0.7,21.3
21-08-2024,12:21:02,0.0,21.3
21-08-2024,12:22:02,0.0,21.4
21-08-2024,12:23:02,0.0,21.3
21-08-2024,12:24:02,0.0,21.4
21-08-2024,12:25:02,0.3,21.4
21-08-2024,12:26:02,0.0,21.4
21-08-2024,12:27:02,1.0,21.4
21-08-2024,12:28:02,0.0,21.4
21-08-2024,12:29:02,0.0,21.4
21-08-2024,12:30:02,1.8,21.4
21-08-2024,12:31:02,0.0,21.5
21-08-2024,12:32:02,0.7,21.5
21-08-2024,12:33:02,0.0,21.5
21-08-2024,12:34:02,0.3,21.5
21-08-2024,12:35:02,1.0,21.5
21-08-2024,12:36:02,0.0,21.5
21-08-2024,12:37:02,0.0,21.5
21-08-2024,12:38:02,0.7,21.4
21-08-2024,12:39:02,0.0,21.4
21-08-2024,12:40:02,0.0,21.5
21-08-2024,12:41:02,0.0,21.5
21-08-2024,12:42:02,0.0,21.4
21-08-2024,12:43:02,1.4,21.5
21-08-2024,12:44:02,0.0,21.5
21-08-2024,12:45:02,0.3,21.5
21-08-2024,12:46:02,0.0,21.4
21-08-2024,12:47:02,1.4,21.5
21-08-2024,12:48:02,0.0,21.4
21-08-2024,12:49:02,1.4,21.4
21-08-2024,12:50:03,0.0,21.4
21-08-2024,12:51:03,0.3,21.4
21-08-2024,12:52:02,1.0,21.5
21-08-2024,12:53:02,1.4,21.4
21-08-2024,12:54:02,0.0,21.4
21-08-2024,12:55:03,0.0,21.5
21-08-2024,12:56:03,0.0,21.5
21-08-2024,12:57:03,1.0,21.5
21-08-2024,12:58:02,0.3,21.6
21-08-2024,12:59:02,0.0,21.5
21-08-2024,13:00:02,0.0,21.6
21-08-2024,13:01:03,0.0,21.6
21-08-2024,13:02:03,0.0,21.6
21-08-2024,13:03:03,0.0,21.6
21-08-2024,13:04:02,0.0,21.6
21-08-2024,13:05:02,0.0,21.5
21-08-2024,13:06:03,0.0,21.6
21-08-2024,13:07:03,0.0,21.6
21-08-2024,13:08:03,0.0,21.7
21-08-2024,13:09:03,2.5,21.7
21-08-2024,13:10:02,2.1,21.7
21-08-2024,13:11:03,0.0,21.8
21-08-2024,13:12:03,0.0,21.8
21-08-2024,13:13:03,0.0,21.8
21-08-2024,13:14:03,0.0,21.9
21-08-2024,13:15:03,0.3,21.9
21-08-2024,13:16:03,0.0,21.9
21-08-2024,13:17:03,1.8,22.0
21-08-2024,13:18:03,1.8,21.9
21-08-2024,13:19:03,1.0,21.9
21-08-2024,13:20:03,0.7,22.0
21-08-2024,13:21:03,0.3,22.0
21-08-2024,13:22:03,1.8,22.1
21-08-2024,13:23:03,0.0,22.1
21-08-2024,13:24:03,1.4,22.1
21-08-2024,13:25:03,0.7,22.1
21-08-2024,13:26:03,0.0,22.2
21-08-2024,13:27:03,2.1,22.2
21-08-2024,13:28:03,0.3,22.2
21-08-2024,13:29:03,2.1,22.2
21-08-2024,13:30:03,0.0,22.3
21-08-2024,13:31:03,2.1,22.2
21-08-2024,13:32:03,0.3,22.2
21-08-2024,13:33:03,0.3,22.2
21-08-2024,13:34:03,0.7,22.2
21-08-2024,13:35:03,0.0,22.2
21-08-2024,13:36:03,0.3,22.2
21-08-2024,13:37:03,0.0,22.2
21-08-2024,13:38:03,0.0,22.2
21-08-2024,13:39:03,2.1,22.2
21-08-2024,13:40:03,1.8,22.2
21-08-2024,13:41:03,1.4,22.2
21-08-2024,13:42:03,0.0,22.2
21-08-2024,13:43:03,0.7,22.3
21-08-2024,13:44:03,2.8,22.3
21-08-2024,13:45:03,0.0,22.3
21-08-2024,13:46:03,0.0,22.3
21-08-2024,13:47:03,2.1,22.4
21-08-2024,13:48:03,0.0,22.5
21-08-2024,13:49:03,0.0,22.6
21-08-2024,13:50:03,0.0,22.6
21-08-2024,13:51:03,0.0,22.6
21-08-2024,13:52:03,0.3,22.5
21-08-2024,13:53:03,1.8,22.4
21-08-2024,13:54:03,0.0,22.4
21-08-2024,13:55:03,3.6,22.4
21-08-2024,13:56:03,0.0,22.3
21-08-2024,13:57:03,0.3,22.3
21-08-2024,13:58:03,1.0,22.3
21-08-2024,13:59:03,0.0,22.3
21-08-2024,14:00:04,0.3,22.3
21-08-2024,14:01:03,0.3,22.3
21-08-2024,14:02:03,0.3,22.3
21-08-2024,14:03:03,0.7,22.3
21-08-2024,14:04:03,0.0,22.3
21-08-2024,14:05:03,1.0,22.3
21-08-2024,14:06:04,0.0,22.4
21-08-2024,14:07:03,1.0,22.4
21-08-2024,14:08:03,0.3,22.4
21-08-2024,14:09:03,0.0,22.4
21-08-2024,14:10:03,0.0,22.4
21-08-2024,14:11:04,0.0,22.4
21-08-2024,14:12:04,0.0,22.4
21-08-2024,14:13:04,1.8,22.3
21-08-2024,14:14:03,0.0,22.3
21-08-2024,14:15:03,0.0,22.3
21-08-2024,14:16:03,0.7,22.3
21-08-2024,14:17:04,0.0,22.2
21-08-2024,14:18:04,0.0,22.2
21-08-2024,14:19:04,0.0,22.2
21-08-2024,14:20:04,0.7,22.2
21-08-2024,14:21:03,0.3,22.2
21-08-2024,14:22:04,0.0,22.1
21-08-2024,14:23:04,1.8,22.1
21-08-2024,14:24:04,0.3,22.1
21-08-2024,14:25:04,1.4,22.1
21-08-2024,14:26:04,0.0,22.1
21-08-2024,14:27:03,0.0,22.1
21-08-2024,14:28:04,0.0,22.1
21-08-2024,14:29:04,0.0,22.1
21-08-2024,14:30:04,0.3,22.1
21-08-2024,14:31:04,0.7,22.1
21-08-2024,14:32:04,0.7,22.1
21-08-2024,14:33:04,0.7,22.1
21-08-2024,14:34:04,2.1,22.1
21-08-2024,14:35:04,1.8,22.1
21-08-2024,14:36:04,2.1,22.1
21-08-2024,14:37:04,1.0,22.1
21-08-2024,14:38:04,0.3,22.1
21-08-2024,14:39:04,0.3,22.1
21-08-2024,14:40:04,1.8,22.1
21-08-2024,14:41:04,0.0,22.1
21-08-2024,14:42:04,0.0,22.1
21-08-2024,14:43:04,1.8,22.1
21-08-2024,14:44:04,0.0,22.1
21-08-2024,14:45:04,0.3,22.1
21-08-2024,14:46:04,1.8,22.1
21-08-2024,14:47:04,0.3,22.1
21-08-2024,14:48:04,0.0,22.1
21-08-2024,14:49:04,2.1,22.1
21-08-2024,14:50:04,0.3,22.2
21-08-2024,14:51:04,0.0,22.1
21-08-2024,14:52:04,0.0,22.2
21-08-2024,14:53:04,0.7,22.3
21-08-2024,14:54:04,0.3,22.4
21-08-2024,14:55:04,0.0,22.4
21-08-2024,14:56:04,0.0,22.5
21-08-2024,14:57:04,2.1,22.5
21-08-2024,14:58:04,3.6,22.5
21-08-2024,14:59:04,0.0,22.5
21-08-2024,15:00:04,1.0,22.5
21-08-2024,15:01:04,0.0,22.6
21-08-2024,15:02:04,2.1,22.6
21-08-2024,15:03:04,0.0,22.5
21-08-2024,15:04:04,1.4,22.7
21-08-2024,15:05:04,0.3,22.6
21-08-2024,15:06:04,0.7,22.6
21-08-2024,15:07:04,2.1,22.7
21-08-2024,15:08:04,0.3,22.7
21-08-2024,15:09:04,1.0,22.8
21-08-2024,15:10:04,2.5,22.8
21-08-2024,15:11:04,0.0,22.7
21-08-2024,15:12:04,0.0,22.6
21-08-2024,15:13:04,0.0,22.6
21-08-2024,15:14:04,0.0,22.5
21-08-2024,15:15:04,0.0,22.6
21-08-2024,15:16:05,1.8,22.6
21-08-2024,15:17:05,0.0,22.6
21-08-2024,15:18:04,0.3,22.5
21-08-2024,15:19:04,0.0,22.5
21-08-2024,15:20:04,0.0,22.5
21-08-2024,15:21:04,0.0,22.6
21-08-2024,15:22:05,0.7,22.6
21-08-2024,15:23:05,0.3,22.6
21-08-2024,15:24:04,0.0,22.6
21-08-2024,15:25:04,2.1,22.6
21-08-2024,15:26:04,0.0,22.5
21-08-2024,15:27:04,1.8,22.4
21-08-2024,15:28:05,0.0,22.4
21-08-2024,15:29:05,0.7,22.4
21-08-2024,15:30:05,3.6,22.4
21-08-2024,15:31:04,0.3,22.4
21-08-2024,15:32:05,0.3,22.4
21-08-2024,15:33:05,0.3,22.4
21-08-2024,15:34:05,0.3,22.4
21-08-2024,15:35:05,0.0,22.5
21-08-2024,15:36:05,0.3,22.6
21-08-2024,15:37:04,0.0,22.6
21-08-2024,15:38:05,1.4,22.8
21-08-2024,15:39:05,0.3,22.7
21-08-2024,15:40:05,0.3,22.7
21-08-2024,15:41:05,1.8,22.7
21-08-2024,15:42:05,2.1,22.7
21-08-2024,15:43:05,0.3,22.6
21-08-2024,15:44:05,0.0,22.6
21-08-2024,15:45:05,1.4,22.5
21-08-2024,15:46:05,0.0,22.5
21-08-2024,15:47:05,0.3,22.4
21-08-2024,15:48:05,1.0,22.4
21-08-2024,15:49:05,1.8,22.4
21-08-2024,15:50:05,0.3,22.4
21-08-2024,15:51:05,3.2,22.4
21-08-2024,15:52:05,1.4,22.3
21-08-2024,15:53:05,0.7,22.4
21-08-2024,15:54:05,0.7,22.4
21-08-2024,15:55:05,0.0,22.4
21-08-2024,15:56:05,1.8,22.4
21-08-2024,15:57:05,1.4,22.5
21-08-2024,15:58:05,0.7,22.5
21-08-2024,15:59:05,0.7,22.6
21-08-2024,16:00:05,0.0,22.6
21-08-2024,16:01:05,0.0,22.7
21-08-2024,16:02:05,0.0,22.7
21-08-2024,16:03:05,0.0,22.7
21-08-2024,16:04:05,3.6,22.7
21-08-2024,16:05:05,1.8,22.7
21-08-2024,16:06:05,0.0,22.6
21-08-2024,16:07:05,0.3,22.6
21-08-2024,16:08:05,0.0,22.6
21-08-2024,16:09:05,2.5,22.7
21-08-2024,16:10:05,0.0,22.6
21-08-2024,16:11:05,0.7,22.6
21-08-2024,16:12:05,0.7,22.6
21-08-2024,16:13:05,0.0,22.5
21-08-2024,16:14:05,1.0,22.5
21-08-2024,16:15:05,0.0,22.5
21-08-2024,16:16:05,0.0,22.4
21-08-2024,16:17:05,1.0,22.4
21-08-2024,16:18:05,0.3,22.4
21-08-2024,16:19:05,0.3,22.3
21-08-2024,16:20:05,0.3,22.3
21-08-2024,16:21:05,1.0,22.2
21-08-2024,16:22:05,0.3,22.2
21-08-2024,16:23:05,0.0,22.2
21-08-2024,16:24:05,0.3,22.2
21-08-2024,16:25:05,0.0,22.2
21-08-2024,16:26:05,0.0,22.2
21-08-2024,16:27:05,0.3,22.2
21-08-2024,16:28:06,0.7,22.3
21-08-2024,16:29:06,0.0,22.4
21-08-2024,16:30:05,0.0,22.4
21-08-2024,16:31:05,0.0,22.5
21-08-2024,16:32:05,1.4,22.5
21-08-2024,16:33:05,0.7,22.5
21-08-2024,16:34:06,1.8,22.6
21-08-2024,16:35:06,1.8,22.6
21-08-2024,16:36:05,1.0,22.5
21-08-2024,16:37:05,0.0,22.5
21-08-2024,16:38:05,0.0,22.4
21-08-2024,16:39:06,1.8,22.4
21-08-2024,16:40:06,0.3,22.3
21-08-2024,16:41:06,0.3,22.2
21-08-2024,16:42:05,0.0,22.2
21-08-2024,16:43:05,0.7,22.2
21-08-2024,16:44:05,1.8,22.2
21-08-2024,16:45:06,0.7,22.2
21-08-2024,16:46:06,1.0,22.1
21-08-2024,16:47:06,1.8,22.2
21-08-2024,16:48:05,0.0,22.2
21-08-2024,16:49:05,0.3,22.2
21-08-2024,16:50:06,0.0,22.3
21-08-2024,16:51:06,0.0,22.4
21-08-2024,16:52:06,0.0,22.4
21-08-2024,16:53:06,0.0,22.5
21-08-2024,16:54:05,0.0,22.5
21-08-2024,16:55:05,0.3,22.5
21-08-2024,16:56:06,0.0,22.5
21-08-2024,16:57:06,0.7,22.5
21-08-2024,16:58:06,0.0,22.4
21-08-2024,16:59:06,1.0,22.4
21-08-2024,17:00:06,0.0,22.3
21-08-2024,17:01:06,0.0,22.4
21-08-2024,17:02:06,0.0,22.4
21-08-2024,17:03:06,0.7,22.3
21-08-2024,17:04:06,0.0,22.3
21-08-2024,17:05:06,0.7,22.3
21-08-2024,17:06:06,1.8,22.2
21-08-2024,17:07:06,0.0,22.2
21-08-2024,17:08:06,0.0,22.1
21-08-2024,17:09:06,0.0,22.1
21-08-2024,17:10:06,0.0,22.1
21-08-2024,17:11:06,0.0,22.1
21-08-2024,17:12:06,0.0,22.1
21-08-2024,17:13:06,0.7,22.0
21-08-2024,17:14:06,0.0,21.9
21-08-2024,17:15:06,0.0,22.0
21-08-2024,17:16:06,0.0,21.9
21-08-2024,17:17:06,0.7,21.9
21-08-2024,17:18:06,0.0,21.9
21-08-2024,17:19:06,0.0,21.9
21-08-2024,17:20:06,0.3,21.9
21-08-2024,17:21:06,0.0,21.9
21-08-2024,17:22:06,0.3,21.9
21-08-2024,17:23:06,0.0,21.9
21-08-2024,17:24:06,0.0,21.9
21-08-2024,17:25:06,0.0,21.9
21-08-2024,17:26:06,0.3,21.9
21-08-2024,17:27:06,0.0,21.9
21-08-2024,17:28:06,1.8,21.9
21-08-2024,17:29:06,0.0,21.9
21-08-2024,17:30:06,0.3,21.9
21-08-2024,17:31:06,0.3,21.9
21-08-2024,17:32:06,1.0,22.0
21-08-2024,17:33:06,0.7,22.1
21-08-2024,17:34:06,0.0,22.0
21-08-2024,17:35:06,2.5,22.1
21-08-2024,17:36:06,1.8,22.2
21-08-2024,17:37:06,0.3,22.3
21-08-2024,17:38:06,1.0,22.7
21-08-2024,17:39:07,1.0,23.1
21-08-2024,17:40:06,0.0,23.5
21-08-2024,17:41:06,0.7,23.7
21-08-2024,17:42:06,0.0,24.2
21-08-2024,17:43:06,0.0,24.6
21-08-2024,17:44:06,0.3,24.6
21-08-2024,17:45:07,1.8,24.6
21-08-2024,17:46:07,0.0,24.5
21-08-2024,17:47:06,0.0,24.3
21-08-2024,17:48:06,1.4,24.2
21-08-2024,17:49:06,0.3,24.0
21-08-2024,17:50:07,1.8,23.8
21-08-2024,17:51:07,0.0,23.7
21-08-2024,17:52:07,0.0,23.7
21-08-2024,17:53:06,0.0,23.7
21-08-2024,17:54:06,0.0,24.0
21-08-2024,17:55:06,0.0,24.6
21-08-2024,17:56:07,0.0,25.6
21-08-2024,17:57:07,0.3,26.5
21-08-2024,17:58:07,0.7,27.5
21-08-2024,17:59:06,1.4,27.8
21-08-2024,18:00:06,1.8,27.5
21-08-2024,18:01:07,0.0,27.1
21-08-2024,18:02:07,2.1,26.8
21-08-2024,18:03:07,0.3,26.3
21-08-2024,18:04:07,0.0,26.0
21-08-2024,18:05:06,0.3,25.7
21-08-2024,18:06:06,0.7,25.3
21-08-2024,18:07:07,0.7,24.8
21-08-2024,18:08:07,0.0,24.6
21-08-2024,18:09:07,1.8,24.4
21-08-2024,18:10:06,0.0,24.2
21-08-2024,18:11:06,0.0,24.1
21-08-2024,18:12:07,1.4,24.2
21-08-2024,18:13:07,0.0,24.0
21-08-2024,18:14:07,2.1,24.0
21-08-2024,18:15:07,1.8,23.8
21-08-2024,18:16:06,0.3,23.6
21-08-2024,18:17:07,0.3,23.6
21-08-2024,18:18:07,0.0,23.5
21-08-2024,18:19:07,0.3,23.4
21-08-2024,18:20:07,0.0,23.3
21-08-2024,18:21:07,0.0,23.6
21-08-2024,18:22:07,0.0,24.2
21-08-2024,18:23:07,0.3,24.5
21-08-2024,18:24:07,0.0,24.7
21-08-2024,18:25:07,0.0,24.6
21-08-2024,18:26:07,0.0,24.6
21-08-2024,18:27:07,0.0,24.3
21-08-2024,18:28:07,0.0,24.2
21-08-2024,18:29:07,1.0,23.9
21-08-2024,18:30:07,0.0,23.7
21-08-2024,18:31:07,2.1,23.6
21-08-2024,18:32:07,0.0,23.5
21-08-2024,18:33:07,0.7,23.3
21-08-2024,18:34:07,0.0,23.1
21-08-2024,18:35:07,0.0,22.9
21-08-2024,18:36:07,1.4,22.8
21-08-2024,18:37:07,0.0,22.8
21-08-2024,18:38:07,1.4,22.6
21-08-2024,18:39:07,1.0,22.5
21-08-2024,18:40:07,0.7,22.4
21-08-2024,18:41:07,0.0,22.3
21-08-2024,18:42:07,0.3,22.2
21-08-2024,18:43:07,2.1,22.1
21-08-2024,18:44:07,0.0,22.1
21-08-2024,18:45:07,0.0,22.1
21-08-2024,18:46:07,0.3,21.9
21-08-2024,18:47:07,0.3,21.9
21-08-2024,18:48:07,0.0,21.9
21-08-2024,18:49:07,0.0,21.8
21-08-2024,18:50:07,0.0,21.7
21-08-2024,18:51:07,0.0,21.7
21-08-2024,18:52:07,0.3,21.6
21-08-2024,18:53:07,0.7,21.6
21-08-2024,18:54:07,1.0,21.5
21-08-2024,18:55:07,0.3,21.5
21-08-2024,18:56:07,1.8,21.5
21-08-2024,18:57:07,0.3,21.6
21-08-2024,18:58:07,0.3,21.5
21-08-2024,18:59:07,0.0,21.6
21-08-2024,19:00:07,0.0,21.6
21-08-2024,19:01:07,0.0,21.6
21-08-2024,19:02:07,1.4,21.6
21-08-2024,19:03:07,0.3,21.6
21-08-2024,19:04:07,0.0,21.6
21-08-2024,19:05:07,0.0,21.6
21-08-2024,19:06:07,0.3,21.6
21-08-2024,19:07:07,0.0,21.6
21-08-2024,19:08:07,0.0,21.6
21-08-2024,19:09:07,0.0,21.6
21-08-2024,19:10:08,0.3,21.6
21-08-2024,19:11:07,0.0,21.5
21-08-2024,19:12:07,1.4,21.5
21-08-2024,19:13:07,0.0,21.4
21-08-2024,19:14:07,0.3,21.4
21-08-2024,19:15:07,0.0,21.3
21-08-2024,19:16:08,0.3,21.3
21-08-2024,19:17:07,0.0,21.3
21-08-2024,19:18:07,0.0,21.2
21-08-2024,19:19:07,0.0,21.2
21-08-2024,19:20:08,0.0,21.1
21-08-2024,19:21:08,0.0,21.0
21-08-2024,19:22:08,0.7,20.9
21-08-2024,19:23:07,0.0,20.9
21-08-2024,19:24:07,0.0,20.9
21-08-2024,19:25:07,0.0,20.9
21-08-2024,19:26:08,0.0,20.9
21-08-2024,19:27:08,0.3,20.8
21-08-2024,19:28:08,0.0,20.7
21-08-2024,19:29:07,0.0,20.6
21-08-2024,19:30:07,1.0,20.5
21-08-2024,19:31:08,0.0,20.5
21-08-2024,19:32:08,0.0,20.5
21-08-2024,19:33:08,0.3,20.5
21-08-2024,19:34:08,0.0,20.5
21-08-2024,19:35:08,0.0,20.5
21-08-2024,19:36:08,0.0,20.5
21-08-2024,19:37:08,0.0,20.5
21-08-2024,19:38:08,0.3,20.5
21-08-2024,19:39:08,0.3,20.4
21-08-2024,19:40:08,0.3,20.5
21-08-2024,19:41:08,0.0,20.4
21-08-2024,19:42:08,0.0,20.4
21-08-2024,19:43:08,0.3,20.4
21-08-2024,19:44:08,0.0,20.4
21-08-2024,19:45:08,0.0,20.4
21-08-2024,19:46:08,0.0,20.4
21-08-2024,19:47:08,0.0,20.3
21-08-2024,19:48:08,0.3,20.3
21-08-2024,19:49:08,0.0,20.3
21-08-2024,19:50:08,0.0,20.3
21-08-2024,19:51:08,0.0,20.3
21-08-2024,19:52:08,0.0,20.2
21-08-2024,19:53:08,0.0,20.2
21-08-2024,19:54:08,0.0,20.2
21-08-2024,19:55:08,0.3,20.2
21-08-2024,19:56:08,0.0,20.2
21-08-2024,19:57:08,0.0,20.1
21-08-2024,19:58:08,0.0,20.0
21-08-2024,19:59:08,0.0,20.0
21-08-2024,20:00:08,0.0,20.0
21-08-2024,20:01:08,0.0,20.0
21-08-2024,20:02:08,0.0,19.9
21-08-2024,20:03:08,0.0,20.0
21-08-2024,20:04:08,0.3,20.0
21-08-2024,20:05:08,0.0,20.0
21-08-2024,20:06:08,0.0,19.9
21-08-2024,20:07:08,1.0,19.9
21-08-2024,20:08:08,1.4,19.9
21-08-2024,20:09:08,0.3,19.8
21-08-2024,20:10:08,0.0,19.8
21-08-2024,20:11:08,0.0,19.8
21-08-2024,20:12:08,0.0,19.8
21-08-2024,20:13:08,0.0,19.8
21-08-2024,20:14:08,0.0,19.8
21-08-2024,20:15:08,1.4,19.7
21-08-2024,20:16:08,1.0,19.7
21-08-2024,20:17:08,0.0,19.7
21-08-2024,20:18:08,0.0,19.7
21-08-2024,20:19:08,0.7,19.8
21-08-2024,20:20:08,0.0,19.7
21-08-2024,20:21:08,0.0,19.7
21-08-2024,20:22:08,0.3,19.7
21-08-2024,20:23:08,0.0,19.8
21-08-2024,20:24:08,0.0,19.7
21-08-2024,20:25:08,0.0,19.7
22-08-2024,10:44:01,2.1,22.2
22-08-2024,10:45:01,1.4,22.2
22-08-2024,10:46:01,1.4,22.1
22-08-2024,10:47:01,0.0,22.1
22-08-2024,10:48:01,0.3,22.1
22-08-2024,10:49:01,1.0,22.2
22-08-2024,10:50:00,0.0,22.2
22-08-2024,10:51:01,2.1,22.2
22-08-2024,10:52:01,0.0,22.2
22-08-2024,10:53:01,0.3,22.2
22-08-2024,10:54:01,0.0,22.2
22-08-2024,10:55:01,2.5,22.1
22-08-2024,10:56:01,2.1,22.1
22-08-2024,10:57:01,0.0,22.1
22-08-2024,10:58:01,2.1,22.0
22-08-2024,10:59:01,0.0,21.9
22-08-2024,11:00:01,0.0,21.9
22-08-2024,11:01:01,0.3,21.8
22-08-2024,11:02:01,1.4,21.8
22-08-2024,11:03:01,2.1,21.7
22-08-2024,11:04:01,0.0,21.7
22-08-2024,11:05:01,2.1,21.7
22-08-2024,11:06:01,0.0,21.6
22-08-2024,11:07:01,0.0,21.6
22-08-2024,11:08:01,0.0,21.6
22-08-2024,11:09:01,1.8,21.6
22-08-2024,11:10:01,0.7,21.6
22-08-2024,11:11:01,0.0,21.5
22-08-2024,11:12:01,0.0,21.6
22-08-2024,11:13:01,0.0,21.6
22-08-2024,11:14:01,1.8,21.6
22-08-2024,11:15:01,1.4,21.7
22-08-2024,11:16:01,0.0,21.7
22-08-2024,11:17:01,1.0,21.7
22-08-2024,11:18:01,0.0,21.7
22-08-2024,11:19:01,0.3,21.7
22-08-2024,11:20:01,0.7,21.7
22-08-2024,11:21:01,0.0,21.7
22-08-2024,11:22:01,0.0,21.7
22-08-2024,11:23:01,0.0,21.7
22-08-2024,11:24:01,3.2,21.7
22-08-2024,11:25:01,0.3,21.7
22-08-2024,11:26:01,0.0,21.7
22-08-2024,11:27:01,0.0,21.7
22-08-2024,11:28:01,1.8,21.7
22-08-2024,11:29:01,0.0,21.7
22-08-2024,11:30:01,0.7,21.7
22-08-2024,11:31:01,1.4,21.7
22-08-2024,11:32:01,0.7,21.7
22-08-2024,11:33:01,2.1,21.7
22-08-2024,11:34:01,1.8,21.7
22-08-2024,11:35:01,0.0,21.7
22-08-2024,11:36:01,1.4,21.7
22-08-2024,11:37:01,1.0,21.7
22-08-2024,11:38:01,0.3,21.7
22-08-2024,11:39:02,0.0,21.6
22-08-2024,11:40:01,0.0,21.7
22-08-2024,11:41:01,0.0,21.7
22-08-2024,11:42:01,0.3,21.7
22-08-2024,11:43:01,1.8,21.7
22-08-2024,11:44:02,0.3,21.7
22-08-2024,11:45:01,0.0,21.7
22-08-2024,11:46:01,0.0,21.7
22-08-2024,11:47:01,0.0,21.7
22-08-2024,11:48:01,2.5,21.7
22-08-2024,11:49:01,0.0,21.8
22-08-2024,11:50:02,0.0,21.8
22-08-2024,11:51:02,0.3,21.9
22-08-2024,11:52:02,1.8,21.9
22-08-2024,11:53:01,1.8,22.0
22-08-2024,11:54:01,0.0,22.1
22-08-2024,11:55:02,0.0,22.1
22-08-2024,11:56:02,2.5,22.1
22-08-2024,11:57:02,2.1,22.2
22-08-2024,11:58:02,2.1,22.2
22-08-2024,11:59:01,0.0,22.2
22-08-2024,12:00:02,1.8,22.2
22-08-2024,12:01:02,0.7,22.2
22-08-2024,12:02:02,0.3,22.2
22-08-2024,12:03:02,1.0,22.2
22-08-2024,12:04:02,0.0,22.2
22-08-2024,12:05:01,0.0,22.2
22-08-2024,12:06:02,0.3,22.2
22-08-2024,12:07:02,0.3,22.2
22-08-2024,12:08:02,0.0,22.2
22-08-2024,12:09:02,0.0,22.2
22-08-2024,12:10:02,0.3,22.2
22-08-2024,12:11:02,1.0,22.2
22-08-2024,12:12:02,0.3,22.2
22-08-2024,12:13:02,1.8,22.2
22-08-2024,12:14:02,0.0,22.2
22-08-2024,12:15:02,0.0,22.2
22-08-2024,12:16:02,0.0,22.4
22-08-2024,12:17:02,0.0,22.4
22-08-2024,12:18:02,0.7,22.4
22-08-2024,12:19:02,1.8,22.4
22-08-2024,12:20:02,0.0,22.4
22-08-2024,12:21:02,0.0,22.3
22-08-2024,12:22:02,0.3,22.3
22-08-2024,12:23:02,2.1,22.3
22-08-2024,12:24:02,0.3,22.2
22-08-2024,12:25:02,0.7,22.2
22-08-2024,12:26:02,1.8,22.2
22-08-2024,12:27:02,0.0,22.1
22-08-2024,12:28:02,1.8,22.1
22-08-2024,12:29:02,0.0,22.2
22-08-2024,12:30:02,0.0,22.2
22-08-2024,12:31:02,0.7,22.2
22-08-2024,12:32:02,3.2,22.1
22-08-2024,12:33:02,0.0,22.2
22-08-2024,12:34:02,2.5,22.1
22-08-2024,12:35:02,0.0,22.1
22-08-2024,12:36:02,0.0,22.1
22-08-2024,12:37:02,0.0,22.1
22-08-2024,12:38:02,0.0,22.2
22-08-2024,12:39:02,0.0,22.2
22-08-2024,12:40:02,0.0,22.2
22-08-2024,12:41:02,0.0,22.3
22-08-2024,12:42:02,0.0,22.4
22-08-2024,12:43:02,0.0,22.5
22-08-2024,12:44:02,0.0,22.5
22-08-2024,12:45:02,0.0,22.6
22-08-2024,12:46:02,0.3,22.6
22-08-2024,12:47:02,0.3,22.6
22-08-2024,12:48:02,0.0,22.6
22-08-2024,12:49:02,0.0,22.6
22-08-2024,12:50:02,1.8,22.6
22-08-2024,12:51:02,0.3,22.6
22-08-2024,12:52:02,0.0,22.6
22-08-2024,12:53:02,1.0,22.5
22-08-2024,12:54:02,0.0,22.4
22-08-2024,12:55:02,1.8,22.4
22-08-2024,12:56:02,0.0,22.4
22-08-2024,12:57:02,1.8,22.3
22-08-2024,12:58:02,0.0,22.2
22-08-2024,12:59:02,0.0,22.2
22-08-2024,13:00:03,2.1,22.2
22-08-2024,13:01:02,0.3,22.1
22-08-2024,13:02:02,0.0,22.1
22-08-2024,13:03:02,0.3,22.1
22-08-2024,13:04:02,0.0,22.1
22-08-2024,13:05:02,2.8,22.1
22-08-2024,13:06:02,1.4,22.1
22-08-2024,13:07:02,1.8,22.0
22-08-2024,13:08:02,0.0,22.0
22-08-2024,13:09:02,0.0,22.0
22-08-2024,13:10:02,1.8,22.1
22-08-2024,13:11:03,0.0,22.1
22-08-2024,13:12:03,1.0,22.1
22-08-2024,13:13:02,1.0,22.1
22-08-2024,13:14:02,1.0,22.1
22-08-2024,13:15:02,1.0,22.1
22-08-2024,13:16:03,0.3,22.1
22-08-2024,13:17:03,0.0,22.1
22-08-2024,13:18:03,0.0,22.1
22-08-2024,13:19:02,1.8,22.1
22-08-2024,13:20:02,0.0,22.1
22-08-2024,13:21:02,0.3,22.1
22-08-2024,13:22:03,1.0,22.1
22-08-2024,13:23:03,0.3,22.1
22-08-2024,13:24:03,0.0,22.2
22-08-2024,13:25:02,0.0,22.2
22-08-2024,13:26:02,0.0,22.2
22-08-2024,13:27:03,0.7,22.3
22-08-2024,13:28:03,0.7,22.3
22-08-2024,13:29:03,0.3,22.3
22-08-2024,13:30:03,0.3,22.4
22-08-2024,13:31:03,0.7,22.4
22-08-2024,13:32:03,0.7,22.4
22-08-2024,13:33:03,0.0,22.4
22-08-2024,13:34:03,2.1,22.4
22-08-2024,13:35:03,1.8,22.4
22-08-2024,13:36:03,0.0,22.4
22-08-2024,13:37:02,1.0,22.4
22-08-2024,13:38:03,0.3,22.4
22-08-2024,13:39:03,0.0,22.3
22-08-2024,13:40:03,0.0,22.4
22-08-2024,13:41:03,0.0,22.4
22-08-2024,13:42:03,1.4,22.4
22-08-2024,13:43:03,0.3,22.4
22-08-2024,13:44:03,0.0,22.4
22-08-2024,13:45:03,0.0,22.4
22-08-2024,13:46:03,0.0,22.4
22-08-2024,13:47:03,0.0,22.5
22-08-2024,13:48:03,0.0,22.6
22-08-2024,13:49:03,1.0,22.5
22-08-2024,13:50:03,0.0,22.5
22-08-2024,13:51:03,0.0,22.5
22-08-2024,13:52:03,0.3,22.5
22-08-2024,13:53:03,0.7,22.4
22-08-2024,13:54:03,0.3,22.4
22-08-2024,13:55:03,0.0,22.4
22-08-2024,13:56:03,0.0,22.4
22-08-2024,13:57:03,0.7,22.5
22-08-2024,13:58:03,0.0,22.4
22-08-2024,13:59:03,0.0,22.4
22-08-2024,14:00:03,0.7,22.5
22-08-2024,14:01:03,0.7,22.4
22-08-2024,14:02:03,0.0,22.4
22-08-2024,14:03:03,0.0,22.4
22-08-2024,14:04:03,0.0,22.4
22-08-2024,14:05:03,0.0,22.4
22-08-2024,14:06:03,0.0,22.4
22-08-2024,14:07:03,0.0,22.4
22-08-2024,14:08:03,0.0,22.4
22-08-2024,14:09:03,0.0,22.4
22-08-2024,14:10:03,0.0,22.3
22-08-2024,14:11:03,0.3,22.3
22-08-2024,14:12:03,0.3,22.3
22-08-2024,14:13:03,2.1,22.3
22-08-2024,14:14:03,0.0,22.2
22-08-2024,14:15:03,1.4,22.2
22-08-2024,14:16:03,1.4,22.2
22-08-2024,14:17:03,1.8,22.2
22-08-2024,14:18:03,0.3,22.2
22-08-2024,14:19:03,0.0,22.2
22-08-2024,14:20:03,1.8,22.2
22-08-2024,14:21:03,0.3,22.2
22-08-2024,14:22:03,0.0,22.1
22-08-2024,14:23:03,0.0,22.2
22-08-2024,14:24:03,0.0,22.2
22-08-2024,14:25:03,0.3,22.2
22-08-2024,14:26:03,0.7,22.1
22-08-2024,14:27:04,0.0,22.1
22-08-2024,14:28:03,0.0,22.1
22-08-2024,14:29:03,0.0,22.1
22-08-2024,14:30:03,0.0,22.1
22-08-2024,14:31:03,0.0,22.1
22-08-2024,14:32:03,1.0,22.1
22-08-2024,14:33:04,0.0,22.1
22-08-2024,14:34:03,0.0,22.0
22-08-2024,14:35:03,0.0,22.0
22-08-2024,14:36:03,0.3,22.0
22-08-2024,14:37:03,1.0,21.9
22-08-2024,14:38:04,0.0,21.9
22-08-2024,14:39:04,0.0,21.9
22-08-2024,14:40:03,0.0,21.9
22-08-2024,14:41:03,2.1,21.9
22-08-2024,14:42:03,0.3,21.9
22-08-2024,14:43:04,0.7,21.9
22-08-2024,14:44:04,0.0,21.9
22-08-2024,14:45:04,0.0,21.9
22-08-2024,14:46:03,0.7,21.9
22-08-2024,14:47:03,0.0,21.9
22-08-2024,14:48:04,0.3,21.9
22-08-2024,14:49:04,0.0,21.9
22-08-2024,14:50:04,0.0,21.9
22-08-2024,14:51:04,0.0,21.9
22-08-2024,14:52:03,0.0,21.9
22-08-2024,14:53:03,0.0,21.9
22-08-2024,14:54:04,0.0,21.9
22-08-2024,14:55:04,0.0,21.9
22-08-2024,14:56:04,0.3,21.9
22-08-2024,14:57:04,3.9,21.9
22-08-2024,14:58:03,0.0,21.9
22-08-2024,14:59:03,0.0,21.9
22-08-2024,15:00:04,0.0,21.9
22-08-2024,15:01:04,1.0,21.9
22-08-2024,15:02:04,0.0,21.8
22-08-2024,15:03:04,0.0,21.8
22-08-2024,15:04:03,0.3,21.8
22-08-2024,15:05:04,0.0,21.9
22-08-2024,15:06:04,0.3,21.9
22-08-2024,15:07:04,0.0,21.9
22-08-2024,15:08:04,0.3,21.9
22-08-2024,15:09:04,0.3,22.0
22-08-2024,15:10:04,0.3,22.1
22-08-2024,15:11:04,0.0,22.1
22-08-2024,15:12:04,0.0,22.2
22-08-2024,15:13:04,0.0,22.2
22-08-2024,15:14:04,0.7,22.3
22-08-2024,15:15:04,0.0,22.5
22-08-2024,15:16:04,0.0,22.7
22-08-2024,15:17:04,0.3,22.8
22-08-2024,15:18:04,0.0,23.0
22-08-2024,15:19:04,0.0,23.2
22-08-2024,15:20:04,0.0,23.3
22-08-2024,15:21:04,0.3,23.4
22-08-2024,15:22:04,0.0,23.5
22-08-2024,15:23:04,2.1,23.5
22-08-2024,15:24:04,1.4,23.6
22-08-2024,15:25:04,0.0,23.6
22-08-2024,15:26:04,1.8,23.6
22-08-2024,15:27:04,1.4,23.7
22-08-2024,15:28:04,0.0,23.6
22-08-2024,15:29:04,0.0,23.6
22-08-2024,15:30:04,0.0,23.6
22-08-2024,15:31:04,0.0,23.6
22-08-2024,15:32:04,0.0,23.5
22-08-2024,15:33:04,0.0,23.5
22-08-2024,15:34:04,0.0,23.4
22-08-2024,15:35:04,0.0,23.3
22-08-2024,15:36:04,0.0,23.3
22-08-2024,15:37:04,0.0,23.3
22-08-2024,15:38:04,0.0,23.5
22-08-2024,15:39:04,0.0,23.6
22-08-2024,15:40:04,0.0,23.6
22-08-2024,15:41:04,0.0,23.8
22-08-2024,15:42:04,1.8,23.9
22-08-2024,15:43:04,0.0,23.9
22-08-2024,15:44:04,0.0,23.8
22-08-2024,15:45:04,0.3,24.0
22-08-2024,15:46:04,0.0,24.1
22-08-2024,15:47:04,0.7,24.2
22-08-2024,15:48:04,0.3,24.3
22-08-2024,15:49:04,1.8,24.4
22-08-2024,15:50:04,1.4,24.4
22-08-2024,15:51:04,0.0,24.4
22-08-2024,15:52:04,0.0,24.3
22-08-2024,15:53:04,0.0,24.2
22-08-2024,15:54:05,0.0,24.2
22-08-2024,15:55:04,0.0,24.1
22-08-2024,15:56:04,0.0,24.0
22-08-2024,15:57:04,0.0,23.9
22-08-2024,15:58:04,1.0,23.8
22-08-2024,15:59:05,0.0,23.8
22-08-2024,16:00:05,1.0,23.7
22-08-2024,16:01:04,0.0,23.6
22-08-2024,16:02:04,0.0,23.6
22-08-2024,16:03:04,0.0,23.6
22-08-2024,16:04:04,0.0,23.6
22-08-2024,16:05:05,0.0,23.6
22-08-2024,16:06:05,0.0,23.5
22-08-2024,16:07:04,0.3,23.5
22-08-2024,16:08:04,0.0,23.5
22-08-2024,16:09:04,0.0,23.5
22-08-2024,16:10:05,0.7,23.4
22-08-2024,16:11:05,0.0,23.3
22-08-2024,16:12:05,1.0,23.3
22-08-2024,16:13:04,0.0,23.3
22-08-2024,16:14:04,0.0,23.3
22-08-2024,16:15:04,0.0,23.3
22-08-2024,16:16:05,0.0,23.2
22-08-2024,16:17:05,0.0,23.2
22-08-2024,16:18:05,0.7,23.2
22-08-2024,16:19:04,1.4,23.1
22-08-2024,16:20:04,0.0,23.0
22-08-2024,16:21:05,0.3,23.0
22-08-2024,16:22:05,0.0,23.0
22-08-2024,16:23:05,0.7,23.0
22-08-2024,16:24:05,0.0,23.1
22-08-2024,16:25:04,0.0,23.1
22-08-2024,16:26:04,0.0,23.1
22-08-2024,16:27:05,0.0,23.1
22-08-2024,16:28:05,0.0,23.0
22-08-2024,16:29:05,0.3,23.0
22-08-2024,16:30:05,0.0,22.9
22-08-2024,16:31:05,0.0,22.9
22-08-2024,16:32:05,0.0,22.8
22-08-2024,16:33:05,0.0,22.8
22-08-2024,16:34:05,0.0,22.7
22-08-2024,16:35:05,1.0,22.6
22-08-2024,16:36:05,0.0,22.5
22-08-2024,16:37:05,0.3,22.5
22-08-2024,16:38:05,0.0,22.4
22-08-2024,16:39:05,2.1,22.4
22-08-2024,16:40:05,0.0,22.4
22-08-2024,16:41:05,0.0,22.4
22-08-2024,16:42:05,0.0,22.4
22-08-2024,16:43:05,0.0,22.4
22-08-2024,16:44:05,0.0,22.3
22-08-2024,16:45:05,0.0,22.4
22-08-2024,16:46:05,0.3,22.4
22-08-2024,16:47:05,0.0,22.4
22-08-2024,16:48:05,0.0,22.3
22-08-2024,16:49:05,0.0,22.4
22-08-2024,16:50:05,0.3,22.4
22-08-2024,16:51:05,0.0,22.7
22-08-2024,16:52:05,0.0,22.9
22-08-2024,16:53:05,0.0,23.1
22-08-2024,16:54:05,1.8,23.3
22-08-2024,16:55:05,0.0,23.4
22-08-2024,16:56:05,0.0,23.5
22-08-2024,16:57:05,1.8,23.5
22-08-2024,16:58:05,0.3,23.6
22-08-2024,16:59:05,0.0,23.5
22-08-2024,17:00:05,1.0,23.5
22-08-2024,17:01:05,0.0,23.5
22-08-2024,17:02:05,0.0,23.5
22-08-2024,17:03:05,0.3,23.5
22-08-2024,17:04:05,2.5,23.5
22-08-2024,17:05:05,0.0,23.5
22-08-2024,17:06:05,0.7,23.5
22-08-2024,17:07:05,0.0,23.5
22-08-2024,17:08:05,1.8,23.6
22-08-2024,17:09:05,1.0,23.8
22-08-2024,17:10:05,0.0,23.9
22-08-2024,17:11:05,0.0,24.0
22-08-2024,17:12:05,0.7,24.1
22-08-2024,17:13:05,0.0,24.2
22-08-2024,17:14:05,0.0,24.4
22-08-2024,17:15:05,0.0,24.4
22-08-2024,17:16:06,1.8,24.5
22-08-2024,17:17:05,0.0,24.5
22-08-2024,17:18:05,1.0,24.5
22-08-2024,17:19:05,0.0,24.4
22-08-2024,17:20:05,0.0,24.2
22-08-2024,17:21:06,0.0,24.1
22-08-2024,17:22:06,0.0,24.0
22-08-2024,17:23:06,0.0,24.0
22-08-2024,17:24:05,0.0,23.9
22-08-2024,17:25:05,0.0,23.8
22-08-2024,17:26:05,1.8,23.7
22-08-2024,17:27:06,0.7,23.6
22-08-2024,17:28:06,0.3,23.6
22-08-2024,17:29:06,0.0,23.6
22-08-2024,17:30:05,0.0,23.5
22-08-2024,17:31:05,0.0,23.5
22-08-2024,17:32:06,0.0,23.5
22-08-2024,17:33:06,2.1,23.5
22-08-2024,17:34:06,1.8,23.5
22-08-2024,17:35:06,0.0,23.4
22-08-2024,17:36:05,0.0,23.5
22-08-2024,17:37:05,0.0,23.5
22-08-2024,17:38:06,0.0,23.4
22-08-2024,17:39:06,0.0,23.3
22-08-2024,17:40:06,0.0,23.3
22-08-2024,17:41:06,0.0,23.5
22-08-2024,17:42:05,0.0,23.5
22-08-2024,17:43:06,1.4,23.6
22-08-2024,17:44:06,0.0,23.6
22-08-2024,17:45:06,0.0,23.5
22-08-2024,17:46:06,0.0,23.5
22-08-2024,17:47:06,0.0,23.5
22-08-2024,17:48:06,0.0,23.4
22-08-2024,17:49:06,2.1,23.4
22-08-2024,17:50:06,0.0,23.4
22-08-2024,17:51:06,1.4,23.5
22-08-2024,17:52:06,0.0,23.5
22-08-2024,17:53:06,0.0,23.5
22-08-2024,17:54:06,0.0,23.5
22-08-2024,17:55:06,0.0,23.4
22-08-2024,17:56:06,0.0,23.4
22-08-2024,17:57:06,0.0,23.4
22-08-2024,17:58:06,0.0,23.5
22-08-2024,17:59:06,0.0,23.6
22-08-2024,18:00:06,0.0,23.6
22-08-2024,18:01:06,0.0,23.5
22-08-2024,18:02:06,1.0,23.5
22-08-2024,18:03:06,0.0,23.4
22-08-2024,18:04:06,0.0,23.3
22-08-2024,18:05:06,1.0,23.3
22-08-2024,18:06:06,0.0,23.2
22-08-2024,18:07:06,0.0,23.0
22-08-2024,18:08:06,0.3,22.9
22-08-2024,18:09:06,0.0,22.9
22-08-2024,18:10:06,0.0,22.8
22-08-2024,18:11:06,0.0,22.8
22-08-2024,18:12:06,0.0,22.8
22-08-2024,18:13:06,0.0,22.8
22-08-2024,18:14:06,0.0,22.8
22-08-2024,18:15:06,0.0,22.8
22-08-2024,18:16:06,0.0,22.7
22-08-2024,18:17:06,0.0,22.8
22-08-2024,18:18:06,0.0,22.7
22-08-2024,18:19:06,0.0,22.7
22-08-2024,18:20:06,0.0,22.7
22-08-2024,18:21:07,0.3,22.8
22-08-2024,18:22:06,0.0,22.8
22-08-2024,18:23:06,0.3,22.8
22-08-2024,18:24:06,0.0,22.8
22-08-2024,18:25:06,0.0,22.8
22-08-2024,18:26:06,1.0,22.8
22-08-2024,18:27:06,1.0,22.8
22-08-2024,18:28:06,1.8,22.9
22-08-2024,18:29:06,0.0,22.8
22-08-2024,18:30:06,0.7,22.8
22-08-2024,18:31:06,0.3,22.8
22-08-2024,18:32:07,1.0,22.8
22-08-2024,18:33:06,0.0,22.7
22-08-2024,18:34:06,0.3,22.6
22-08-2024,18:35:06,0.0,22.5
22-08-2024,18:36:06,0.3,22.5
22-08-2024,18:37:06,0.0,22.4
22-08-2024,18:38:07,0.3,22.4
22-08-2024,18:39:07,0.0,22.4
22-08-2024,18:40:06,0.0,22.4
22-08-2024,18:41:06,0.3,22.4
22-08-2024,18:42:06,0.7,22.4
22-08-2024,18:43:07,0.3,22.3
22-08-2024,18:44:07,0.0,22.3
22-08-2024,18:45:07,0.0,22.3
22-08-2024,18:46:06,0.0,22.2
22-08-2024,18:47:06,0.0,22.2
22-08-2024,18:48:07,0.0,22.2
22-08-2024,18:49:07,0.0,22.2
22-08-2024,18:50:07,0.0,22.2
22-08-2024,18:51:07,0.0,22.2
22-08-2024,18:52:06,0.0,22.2
22-08-2024,18:53:06,0.0,22.2
22-08-2024,18:54:07,0.0,22.1
22-08-2024,18:55:07,0.0,22.1
22-08-2024,18:56:07,0.0,22.2
22-08-2024,18:57:07,0.0,22.2
22-08-2024,18:58:07,0.0,22.2
22-08-2024,18:59:07,0.0,22.1
22-08-2024,19:00:07,0.0,22.2
22-08-2024,19:01:07,0.0,22.1
22-08-2024,19:02:07,0.0,22.2
22-08-2024,19:03:07,0.7,22.1
22-08-2024,19:04:06,0.0,22.1
22-08-2024,19:05:07,0.0,22.1
22-08-2024,19:06:07,0.0,22.1
22-08-2024,19:07:07,0.0,22.1
22-08-2024,19:08:07,0.0,22.1
22-08-2024,19:09:07,0.0,22.0
22-08-2024,19:10:07,0.0,22.0
22-08-2024,19:11:07,0.0,21.9
22-08-2024,19:12:07,0.3,21.9
22-08-2024,19:13:07,0.0,21.9
22-08-2024,19:14:07,0.0,21.9
22-08-2024,19:15:07,0.0,21.8
22-08-2024,19:16:07,0.0,21.8
